[
{
  "model": "contenttypes.contenttype",
  "pk": 1,
  "fields": {
    "app_label": "admin",
    "model": "logentry"
  }
},
{
  "model": "contenttypes.contenttype",
  "pk": 2,
  "fields": {
    "app_label": "auth",
    "model": "permission"
  }
},
{
  "model": "contenttypes.contenttype",
  "pk": 3,
  "fields": {
    "app_label": "auth",
    "model": "group"
  }
},
{
  "model": "contenttypes.contenttype",
  "pk": 4,
  "fields": {
    "app_label": "auth",
    "model": "user"
  }
},
{
  "model": "contenttypes.contenttype",
  "pk": 5,
  "fields": {
    "app_label": "contenttypes",
    "model": "contenttype"
  }
},
{
  "model": "contenttypes.contenttype",
  "pk": 6,
  "fields": {
    "app_label": "sessions",
    "model": "session"
  }
},
{
  "model": "contenttypes.contenttype",
  "pk": 7,
  "fields": {
    "app_label": "ftw",
    "model": "category"
  }
},
{
  "model": "contenttypes.contenttype",
  "pk": 8,
  "fields": {
    "app_label": "ftw",
    "model": "ftwword"
  }
},
{
  "model": "contenttypes.contenttype",
  "pk": 9,
  "fields": {
    "app_label": "ftw",
    "model": "media"
  }
},
{
  "model": "contenttypes.contenttype",
  "pk": 10,
  "fields": {
    "app_label": "ftw",
    "model": "location"
  }
},
{
  "model": "contenttypes.contenttype",
  "pk": 11,
  "fields": {
    "app_label": "ftw",
    "model": "ftwuser"
  }
},
{
  "model": "contenttypes.contenttype",
  "pk": 12,
  "fields": {
    "app_label": "ftw",
    "model": "event"
  }
},
{
  "model": "contenttypes.contenttype",
  "pk": 13,
  "fields": {
    "app_label": "ftw",
    "model": "comment"
  }
},
{
  "model": "sessions.session",
  "pk": "dchlo52s0r7tg1trt9x8hjjfvbb0xcg2",
  "fields": {
    "session_data": "YTVjZTdkNjE5NjBmNTA3OGVkNTZkYzk2YmZkMWQ4MGMxY2FkZWFiYjp7Il9hdXRoX3VzZXJfaWQiOiIxIiwiX2F1dGhfdXNlcl9iYWNrZW5kIjoiZGphbmdvLmNvbnRyaWIuYXV0aC5iYWNrZW5kcy5Nb2RlbEJhY2tlbmQiLCJfYXV0aF91c2VyX2hhc2giOiJlYjNiNjUzNTdlYWU4MTM2YWIyMjYyMzM3NWZiOGNjN2M3ZjYxODYzIn0=",
    "expire_date": "2020-02-09T16:45:40.414Z"
  }
},
{
  "model": "sessions.session",
  "pk": "ktg4lunc7hjjdgqlcui9vwl2orjvud8s",
  "fields": {
    "session_data": "ZmUyMWE4ZjdmNzRmNTNkM2FmNzQyMWQ0MDdlZjJmMDU2Mzg3MDg0MDp7Il9hdXRoX3VzZXJfaWQiOiIxIiwiX2F1dGhfdXNlcl9iYWNrZW5kIjoiZGphbmdvLmNvbnRyaWIuYXV0aC5iYWNrZW5kcy5Nb2RlbEJhY2tlbmQiLCJfYXV0aF91c2VyX2hhc2giOiJhMGUzMWQyZjM5MzczY2RlZDhmYWQ2M2RjM2RmMGQ5M2Q4ZjMwZDFhIn0=",
    "expire_date": "2020-02-09T10:52:10.863Z"
  }
},
{
  "model": "sessions.session",
  "pk": "o9ibbsn5x9dlf97we0m773764ltj8q4x",
  "fields": {
    "session_data": "ZmUyMWE4ZjdmNzRmNTNkM2FmNzQyMWQ0MDdlZjJmMDU2Mzg3MDg0MDp7Il9hdXRoX3VzZXJfaWQiOiIxIiwiX2F1dGhfdXNlcl9iYWNrZW5kIjoiZGphbmdvLmNvbnRyaWIuYXV0aC5iYWNrZW5kcy5Nb2RlbEJhY2tlbmQiLCJfYXV0aF91c2VyX2hhc2giOiJhMGUzMWQyZjM5MzczY2RlZDhmYWQ2M2RjM2RmMGQ5M2Q4ZjMwZDFhIn0=",
    "expire_date": "2020-02-09T10:44:13.861Z"
  }
},
{
  "model": "sessions.session",
  "pk": "s1p60mqeqmumafo64svtmghzl9ue2r2i",
  "fields": {
    "session_data": "YTVjZTdkNjE5NjBmNTA3OGVkNTZkYzk2YmZkMWQ4MGMxY2FkZWFiYjp7Il9hdXRoX3VzZXJfaWQiOiIxIiwiX2F1dGhfdXNlcl9iYWNrZW5kIjoiZGphbmdvLmNvbnRyaWIuYXV0aC5iYWNrZW5kcy5Nb2RlbEJhY2tlbmQiLCJfYXV0aF91c2VyX2hhc2giOiJlYjNiNjUzNTdlYWU4MTM2YWIyMjYyMzM3NWZiOGNjN2M3ZjYxODYzIn0=",
    "expire_date": "2020-02-09T13:50:00.634Z"
  }
},
{
  "model": "sessions.session",
  "pk": "zh151211t03br3h5oxhppuy93eimlwq0",
  "fields": {
    "session_data": "YTVjZTdkNjE5NjBmNTA3OGVkNTZkYzk2YmZkMWQ4MGMxY2FkZWFiYjp7Il9hdXRoX3VzZXJfaWQiOiIxIiwiX2F1dGhfdXNlcl9iYWNrZW5kIjoiZGphbmdvLmNvbnRyaWIuYXV0aC5iYWNrZW5kcy5Nb2RlbEJhY2tlbmQiLCJfYXV0aF91c2VyX2hhc2giOiJlYjNiNjUzNTdlYWU4MTM2YWIyMjYyMzM3NWZiOGNjN2M3ZjYxODYzIn0=",
    "expire_date": "2020-02-09T16:23:34.771Z"
  }
},
{
  "model": "ftw.media",
  "pk": 1,
  "fields": {
    "original_file_name": "Bildschirmfoto 2020-01-26 um 12.01.19.png",
    "content_type": "image/png",
    "size": 271098
  }
},
{
  "model": "ftw.media",
  "pk": 2,
  "fields": {
    "original_file_name": "Bildschirmfoto 2020-01-26 um 12.10.48.jpg",
    "content_type": "image/jpeg",
    "size": 47852
  }
},
{
  "model": "ftw.media",
  "pk": 3,
  "fields": {
    "original_file_name": "Carezza.jpeg",
    "content_type": "image/jpeg",
    "size": 11412
  }
},
{
  "model": "ftw.media",
  "pk": 4,
  "fields": {
    "original_file_name": "obereggen-inverno.jpg",
    "content_type": "image/jpeg",
    "size": 247526
  }
},
{
  "model": "ftw.media",
  "pk": 5,
  "fields": {
    "original_file_name": "corvara.jpg",
    "content_type": "image/jpeg",
    "size": 28401
  }
},
{
  "model": "ftw.media",
  "pk": 6,
  "fields": {
    "original_file_name": "sport.png",
    "content_type": "image/png",
    "size": 8463
  }
},
{
  "model": "ftw.media",
  "pk": 7,
  "fields": {
    "original_file_name": "party.png",
    "content_type": "image/png",
    "size": 4494
  }
},
{
  "model": "ftw.media",
  "pk": 8,
  "fields": {
    "original_file_name": "Gastro.png",
    "content_type": "image/png",
    "size": 3081
  }
},
{
  "model": "ftw.media",
  "pk": 9,
  "fields": {
    "original_file_name": "sport.jpeg",
    "content_type": "image/jpeg",
    "size": 10453
  }
},
{
  "model": "ftw.media",
  "pk": 10,
  "fields": {
    "original_file_name": "party.jpeg",
    "content_type": "image/jpeg",
    "size": 7512
  }
},
{
  "model": "ftw.media",
  "pk": 11,
  "fields": {
    "original_file_name": "gastro.jpeg",
    "content_type": "image/jpeg",
    "size": 18325
  }
},
{
  "model": "ftw.media",
  "pk": 12,
  "fields": {
    "original_file_name": "Kultur.jpeg",
    "content_type": "image/jpeg",
    "size": 12939
  }
},
{
  "model": "ftw.media",
  "pk": 13,
  "fields": {
    "original_file_name": "musik.jpeg",
    "content_type": "image/jpeg",
    "size": 10463
  }
},
{
  "model": "ftw.media",
  "pk": 14,
  "fields": {
    "original_file_name": "enter.jpeg",
    "content_type": "image/jpeg",
    "size": 16191
  }
},
{
  "model": "ftw.media",
  "pk": 15,
  "fields": {
    "original_file_name": "party.jpeg",
    "content_type": "image/jpeg",
    "size": 15496
  }
},
{
  "model": "ftw.media",
  "pk": 16,
  "fields": {
    "original_file_name": "csm_ppc-jubelfoto-9_159e5cf710.jpg",
    "content_type": "image/jpeg",
    "size": 830652
  }
},
{
  "model": "ftw.media",
  "pk": 17,
  "fields": {
    "original_file_name": "poga.jpg",
    "content_type": "image/jpeg",
    "size": 77610
  }
},
{
  "model": "ftw.media",
  "pk": 18,
  "fields": {
    "original_file_name": "gonin150700094.jpg",
    "content_type": "image/jpeg",
    "size": 21129
  }
},
{
  "model": "ftw.media",
  "pk": 19,
  "fields": {
    "original_file_name": "carezza-snow-night_65825_91d07d89b35a4320b87eb45e810aa184.jpeg",
    "content_type": "image/jpeg",
    "size": 100275
  }
},
{
  "model": "ftw.media",
  "pk": 20,
  "fields": {
    "original_file_name": "csm_hey_ya_din_lang_neutral_28_8c476a378a.jpg",
    "content_type": "image/jpeg",
    "size": 121508
  }
},
{
  "model": "ftw.media",
  "pk": 21,
  "fields": {
    "original_file_name": "csm_hey_ya_din_lang_neutral_28_8c476a378a.jpg",
    "content_type": "image/jpeg",
    "size": 56710
  }
},
{
  "model": "ftw.media",
  "pk": 22,
  "fields": {
    "original_file_name": "csm_meine_kneipe_flyer_3b7f0daab7.jpg",
    "content_type": "image/jpeg",
    "size": 170364
  }
},
{
  "model": "ftw.media",
  "pk": 23,
  "fields": {
    "original_file_name": "Download.jpeg",
    "content_type": "image/jpeg",
    "size": 13507
  }
},
{
  "model": "ftw.media",
  "pk": 24,
  "fields": {
    "original_file_name": "80651778_2459824747620458_1746110278354862080_o.jpg",
    "content_type": "image/jpeg",
    "size": 329615
  }
},
{
  "model": "ftw.media",
  "pk": 25,
  "fields": {
    "original_file_name": "carezza-snow-night_65825_91d07d89b35a4320b87eb45e810aa184.jpeg",
    "content_type": "image/jpeg",
    "size": 148592
  }
},
{
  "model": "ftw.media",
  "pk": 26,
  "fields": {
    "original_file_name": "1_Obereggen_Night_Show_Ph.Roberto.Brazzoduro.jpeg",
    "content_type": "image/jpeg",
    "size": 115676
  }
},
{
  "model": "ftw.media",
  "pk": 27,
  "fields": {
    "original_file_name": "Fire-&-Ice-Skishow-TV-angepasst-18.00.jpeg",
    "content_type": "image/jpeg",
    "size": 423607
  }
},
{
  "model": "ftw.media",
  "pk": 28,
  "fields": {
    "original_file_name": "snownight-cityxpress-zell-am-see_730104.jpeg",
    "content_type": "image/jpeg",
    "size": 89566
  }
},
{
  "model": "ftw.media",
  "pk": 29,
  "fields": {
    "original_file_name": "4451023.jpg",
    "content_type": "image/jpeg",
    "size": 577173
  }
},
{
  "model": "ftw.media",
  "pk": 30,
  "fields": {
    "original_file_name": "party-planen-zehn-punkte-100__v-img__16__9__l_-1dc0e8f74459dd04c91a0d45af4972b9069f1135.jpg",
    "content_type": "image/jpeg",
    "size": 20715
  }
},
{
  "model": "ftw.media",
  "pk": 31,
  "fields": {
    "original_file_name": "82464887_2909184475767894_2809352771331948544_o.jpg",
    "content_type": "image/jpeg",
    "size": 181865
  }
},
{
  "model": "ftw.media",
  "pk": 32,
  "fields": {
    "original_file_name": "Download (1).jpeg",
    "content_type": "image/jpeg",
    "size": 8293
  }
},
{
  "model": "ftw.media",
  "pk": 33,
  "fields": {
    "original_file_name": "Download (1).jpeg",
    "content_type": "image/jpeg",
    "size": 8293
  }
},
{
  "model": "ftw.media",
  "pk": 34,
  "fields": {
    "original_file_name": "Kanye-West-attends-the-the-Versace-fall-2019.jpg",
    "content_type": "image/jpeg",
    "size": 343243
  }
},
{
  "model": "ftw.media",
  "pk": 35,
  "fields": {
    "original_file_name": "Kanye-West-attends-the-the-Versace-fall-2019.jpg",
    "content_type": "image/jpeg",
    "size": 343243
  }
},
{
  "model": "ftw.media",
  "pk": 36,
  "fields": {
    "original_file_name": "Kanye-West-attends-the-the-Versace-fall-2019.jpg",
    "content_type": "image/jpeg",
    "size": 343243
  }
},
{
  "model": "ftw.media",
  "pk": 37,
  "fields": {
    "original_file_name": "Kanye-West-attends-the-the-Versace-fall-2019.jpg",
    "content_type": "image/jpeg",
    "size": 343243
  }
},
{
  "model": "ftw.media",
  "pk": 38,
  "fields": {
    "original_file_name": "Kanye-West-attends-the-the-Versace-fall-2019.jpg",
    "content_type": "image/jpeg",
    "size": 343243
  }
},
{
  "model": "ftw.media",
  "pk": 39,
  "fields": {
    "original_file_name": "Kanye-West-attends-the-the-Versace-fall-2019.jpg",
    "content_type": "image/jpeg",
    "size": 343243
  }
},
{
  "model": "ftw.media",
  "pk": 40,
  "fields": {
    "original_file_name": "Kanye-West-attends-the-the-Versace-fall-2019.jpg",
    "content_type": "image/jpeg",
    "size": 343243
  }
},
{
  "model": "ftw.media",
  "pk": 41,
  "fields": {
    "original_file_name": "Download (2).jpeg",
    "content_type": "image/jpeg",
    "size": 4921
  }
},
{
  "model": "ftw.media",
  "pk": 42,
  "fields": {
    "original_file_name": "brad-pitt-20012020.jpg",
    "content_type": "image/jpeg",
    "size": 28578
  }
},
{
  "model": "ftw.media",
  "pk": 43,
  "fields": {
    "original_file_name": "Avant-premi-re-du-film-Once-Upon-a-Time-in-Hollywood-au-Odeon-Leicester-Squa-2.jpg",
    "content_type": "image/jpeg",
    "size": 83972
  }
},
{
  "model": "ftw.media",
  "pk": 44,
  "fields": {
    "original_file_name": "US-Rapper-Kanye-West.jpg",
    "content_type": "image/jpeg",
    "size": 65809
  }
},
{
  "model": "ftw.media",
  "pk": 45,
  "fields": {
    "original_file_name": "jay-z-t2662.jpg",
    "content_type": "image/jpeg",
    "size": 28085
  }
},
{
  "model": "ftw.media",
  "pk": 46,
  "fields": {
    "original_file_name": "Julian.jpg",
    "content_type": "image/jpeg",
    "size": 83140
  }
},
{
  "model": "ftw.media",
  "pk": 47,
  "fields": {
    "original_file_name": "Tim.jpg",
    "content_type": "image/jpeg",
    "size": 145192
  }
},
{
  "model": "ftw.media",
  "pk": 48,
  "fields": {
    "original_file_name": "Michael.jpg",
    "content_type": "image/jpeg",
    "size": 180960
  }
},
{
  "model": "ftw.media",
  "pk": 49,
  "fields": {
    "original_file_name": "Bichler.jpg",
    "content_type": "image/jpeg",
    "size": 76117
  }
},
{
  "model": "ftw.media",
  "pk": 50,
  "fields": {
    "original_file_name": "Jennifer-Lawrence.jpg",
    "content_type": "image/jpeg",
    "size": 101992
  }
},
{
  "model": "ftw.category",
  "pk": 1,
  "fields": {
    "title": "Sport",
    "picture": 9
  }
},
{
  "model": "ftw.category",
  "pk": 2,
  "fields": {
    "title": "Party",
    "picture": 15
  }
},
{
  "model": "ftw.category",
  "pk": 3,
  "fields": {
    "title": "Gastronomie",
    "picture": 11
  }
},
{
  "model": "ftw.category",
  "pk": 4,
  "fields": {
    "title": "Kultur",
    "picture": 12
  }
},
{
  "model": "ftw.category",
  "pk": 5,
  "fields": {
    "title": "Musik",
    "picture": 13
  }
},
{
  "model": "ftw.category",
  "pk": 6,
  "fields": {
    "title": "Unterhaltung",
    "picture": 14
  }
},
{
  "model": "ftw.location",
  "pk": 1,
  "fields": {
    "name": "Gassl",
    "street": "Weiler Gassl 23",
    "city": "Olang",
    "zip_code": 39030,
    "country": "Italy",
    "max_user": 150,
    "picture": 2
  }
},
{
  "model": "ftw.location",
  "pk": 2,
  "fields": {
    "name": "Skigebiet Carezza \u2013 Karersee",
    "street": "Karerseestra\u00dfe 165",
    "city": "Welschnofen",
    "zip_code": 39056,
    "country": "Italy",
    "max_user": 5000,
    "picture": 3
  }
},
{
  "model": "ftw.location",
  "pk": 3,
  "fields": {
    "name": "Skigebiet Obereggen",
    "street": "Via Obereggen 16",
    "city": "Obereggen",
    "zip_code": 39050,
    "country": "Italy",
    "max_user": 5000,
    "picture": 4
  }
},
{
  "model": "ftw.location",
  "pk": 4,
  "fields": {
    "name": "Skigebiet Corvara",
    "street": "Burj\u00e9 Stra\u00dfe",
    "city": "Corvara",
    "zip_code": 39033,
    "country": "Italy",
    "max_user": 5000,
    "picture": 5
  }
},
{
  "model": "ftw.location",
  "pk": 5,
  "fields": {
    "name": "PPC",
    "street": "Neubaugasse 6",
    "city": "Graz",
    "zip_code": 8020,
    "country": "Austria",
    "max_user": 250,
    "picture": 16
  }
},
{
  "model": "ftw.location",
  "pk": 6,
  "fields": {
    "name": "Postgarage",
    "street": "Dreihackengasse 42",
    "city": "Graz",
    "zip_code": 18020,
    "country": "Austria",
    "max_user": 300,
    "picture": 17
  }
},
{
  "model": "ftw.location",
  "pk": 7,
  "fields": {
    "name": "Tim's geheimer Mehrzweckraum (Only 18+)",
    "street": "Eckertstra\u00dfe 30i",
    "city": "Graz",
    "zip_code": 8020,
    "country": "Austria",
    "max_user": 5,
    "picture": 32
  }
},
{
  "model": "ftw.ftwword",
  "pk": 4,
  "fields": {
    "word": "Fr\u00fchshoppen",
    "word_category": "f",
    "safe_for_work": true
  }
},
{
  "model": "ftw.ftwword",
  "pk": 5,
  "fields": {
    "word": "Forschen",
    "word_category": "f",
    "safe_for_work": true
  }
},
{
  "model": "ftw.ftwword",
  "pk": 8,
  "fields": {
    "word": "Fechten",
    "word_category": "f",
    "safe_for_work": true
  }
},
{
  "model": "ftw.ftwword",
  "pk": 9,
  "fields": {
    "word": "Fluchen",
    "word_category": "f",
    "safe_for_work": true
  }
},
{
  "model": "ftw.ftwword",
  "pk": 12,
  "fields": {
    "word": "Fressen",
    "word_category": "f",
    "safe_for_work": true
  }
},
{
  "model": "ftw.ftwword",
  "pk": 13,
  "fields": {
    "word": "Fachidiot",
    "word_category": "f",
    "safe_for_work": true
  }
},
{
  "model": "ftw.ftwword",
  "pk": 17,
  "fields": {
    "word": "Filmriss",
    "word_category": "f",
    "safe_for_work": true
  }
},
{
  "model": "ftw.ftwword",
  "pk": 19,
  "fields": {
    "word": "Freidenken",
    "word_category": "f",
    "safe_for_work": true
  }
},
{
  "model": "ftw.ftwword",
  "pk": 21,
  "fields": {
    "word": "Tauchen",
    "word_category": "t",
    "safe_for_work": true
  }
},
{
  "model": "ftw.ftwword",
  "pk": 22,
  "fields": {
    "word": "Tauschen",
    "word_category": "t",
    "safe_for_work": true
  }
},
{
  "model": "ftw.ftwword",
  "pk": 23,
  "fields": {
    "word": "Tarnen",
    "word_category": "t",
    "safe_for_work": true
  }
},
{
  "model": "ftw.ftwword",
  "pk": 24,
  "fields": {
    "word": "Teilen",
    "word_category": "t",
    "safe_for_work": true
  }
},
{
  "model": "ftw.ftwword",
  "pk": 25,
  "fields": {
    "word": "Teilnehmen",
    "word_category": "t",
    "safe_for_work": true
  }
},
{
  "model": "ftw.ftwword",
  "pk": 26,
  "fields": {
    "word": "Tanzen",
    "word_category": "t",
    "safe_for_work": true
  }
},
{
  "model": "ftw.ftwword",
  "pk": 27,
  "fields": {
    "word": "Tanken",
    "word_category": "t",
    "safe_for_work": true
  }
},
{
  "model": "ftw.ftwword",
  "pk": 28,
  "fields": {
    "word": "T\u00e4towieren",
    "word_category": "t",
    "safe_for_work": true
  }
},
{
  "model": "ftw.ftwword",
  "pk": 31,
  "fields": {
    "word": "Wachr\u00fctteln",
    "word_category": "w",
    "safe_for_work": true
  }
},
{
  "model": "ftw.ftwword",
  "pk": 33,
  "fields": {
    "word": "Walken",
    "word_category": "w",
    "safe_for_work": true
  }
},
{
  "model": "ftw.ftwword",
  "pk": 34,
  "fields": {
    "word": "Wandern",
    "word_category": "w",
    "safe_for_work": true
  }
},
{
  "model": "ftw.ftwword",
  "pk": 35,
  "fields": {
    "word": "Wedeln",
    "word_category": "w",
    "safe_for_work": false
  }
},
{
  "model": "ftw.ftwword",
  "pk": 36,
  "fields": {
    "word": "Wichsen",
    "word_category": "w",
    "safe_for_work": false
  }
},
{
  "model": "ftw.ftwword",
  "pk": 37,
  "fields": {
    "word": "Wahrsagen",
    "word_category": "w",
    "safe_for_work": true
  }
},
{
  "model": "ftw.ftwword",
  "pk": 38,
  "fields": {
    "word": "Wegblasen",
    "word_category": "w",
    "safe_for_work": false
  }
},
{
  "model": "ftw.ftwword",
  "pk": 39,
  "fields": {
    "word": "Wanken",
    "word_category": "w",
    "safe_for_work": false
  }
},
{
  "model": "ftw.ftwword",
  "pk": 40,
  "fields": {
    "word": "Torkeln",
    "word_category": "t",
    "safe_for_work": true
  }
},
{
  "model": "ftw.ftwword",
  "pk": 41,
  "fields": {
    "word": "Ficken",
    "word_category": "f",
    "safe_for_work": false
  }
},
{
  "model": "ftw.ftwword",
  "pk": 42,
  "fields": {
    "word": "Trinken",
    "word_category": "t",
    "safe_for_work": true
  }
},
{
  "model": "auth.permission",
  "pk": 1,
  "fields": {
    "name": "Can add log entry",
    "content_type": 1,
    "codename": "add_logentry"
  }
},
{
  "model": "auth.permission",
  "pk": 2,
  "fields": {
    "name": "Can change log entry",
    "content_type": 1,
    "codename": "change_logentry"
  }
},
{
  "model": "auth.permission",
  "pk": 3,
  "fields": {
    "name": "Can delete log entry",
    "content_type": 1,
    "codename": "delete_logentry"
  }
},
{
  "model": "auth.permission",
  "pk": 4,
  "fields": {
    "name": "Can view log entry",
    "content_type": 1,
    "codename": "view_logentry"
  }
},
{
  "model": "auth.permission",
  "pk": 5,
  "fields": {
    "name": "Can add permission",
    "content_type": 2,
    "codename": "add_permission"
  }
},
{
  "model": "auth.permission",
  "pk": 6,
  "fields": {
    "name": "Can change permission",
    "content_type": 2,
    "codename": "change_permission"
  }
},
{
  "model": "auth.permission",
  "pk": 7,
  "fields": {
    "name": "Can delete permission",
    "content_type": 2,
    "codename": "delete_permission"
  }
},
{
  "model": "auth.permission",
  "pk": 8,
  "fields": {
    "name": "Can view permission",
    "content_type": 2,
    "codename": "view_permission"
  }
},
{
  "model": "auth.permission",
  "pk": 9,
  "fields": {
    "name": "Can add group",
    "content_type": 3,
    "codename": "add_group"
  }
},
{
  "model": "auth.permission",
  "pk": 10,
  "fields": {
    "name": "Can change group",
    "content_type": 3,
    "codename": "change_group"
  }
},
{
  "model": "auth.permission",
  "pk": 11,
  "fields": {
    "name": "Can delete group",
    "content_type": 3,
    "codename": "delete_group"
  }
},
{
  "model": "auth.permission",
  "pk": 12,
  "fields": {
    "name": "Can view group",
    "content_type": 3,
    "codename": "view_group"
  }
},
{
  "model": "auth.permission",
  "pk": 13,
  "fields": {
    "name": "Can add user",
    "content_type": 4,
    "codename": "add_user"
  }
},
{
  "model": "auth.permission",
  "pk": 14,
  "fields": {
    "name": "Can change user",
    "content_type": 4,
    "codename": "change_user"
  }
},
{
  "model": "auth.permission",
  "pk": 15,
  "fields": {
    "name": "Can delete user",
    "content_type": 4,
    "codename": "delete_user"
  }
},
{
  "model": "auth.permission",
  "pk": 16,
  "fields": {
    "name": "Can view user",
    "content_type": 4,
    "codename": "view_user"
  }
},
{
  "model": "auth.permission",
  "pk": 17,
  "fields": {
    "name": "Can add content type",
    "content_type": 5,
    "codename": "add_contenttype"
  }
},
{
  "model": "auth.permission",
  "pk": 18,
  "fields": {
    "name": "Can change content type",
    "content_type": 5,
    "codename": "change_contenttype"
  }
},
{
  "model": "auth.permission",
  "pk": 19,
  "fields": {
    "name": "Can delete content type",
    "content_type": 5,
    "codename": "delete_contenttype"
  }
},
{
  "model": "auth.permission",
  "pk": 20,
  "fields": {
    "name": "Can view content type",
    "content_type": 5,
    "codename": "view_contenttype"
  }
},
{
  "model": "auth.permission",
  "pk": 21,
  "fields": {
    "name": "Can add session",
    "content_type": 6,
    "codename": "add_session"
  }
},
{
  "model": "auth.permission",
  "pk": 22,
  "fields": {
    "name": "Can change session",
    "content_type": 6,
    "codename": "change_session"
  }
},
{
  "model": "auth.permission",
  "pk": 23,
  "fields": {
    "name": "Can delete session",
    "content_type": 6,
    "codename": "delete_session"
  }
},
{
  "model": "auth.permission",
  "pk": 24,
  "fields": {
    "name": "Can view session",
    "content_type": 6,
    "codename": "view_session"
  }
},
{
  "model": "auth.permission",
  "pk": 25,
  "fields": {
    "name": "Can add category",
    "content_type": 7,
    "codename": "add_category"
  }
},
{
  "model": "auth.permission",
  "pk": 26,
  "fields": {
    "name": "Can change category",
    "content_type": 7,
    "codename": "change_category"
  }
},
{
  "model": "auth.permission",
  "pk": 27,
  "fields": {
    "name": "Can delete category",
    "content_type": 7,
    "codename": "delete_category"
  }
},
{
  "model": "auth.permission",
  "pk": 28,
  "fields": {
    "name": "Can view category",
    "content_type": 7,
    "codename": "view_category"
  }
},
{
  "model": "auth.permission",
  "pk": 29,
  "fields": {
    "name": "Can add ftw word",
    "content_type": 8,
    "codename": "add_ftwword"
  }
},
{
  "model": "auth.permission",
  "pk": 30,
  "fields": {
    "name": "Can change ftw word",
    "content_type": 8,
    "codename": "change_ftwword"
  }
},
{
  "model": "auth.permission",
  "pk": 31,
  "fields": {
    "name": "Can delete ftw word",
    "content_type": 8,
    "codename": "delete_ftwword"
  }
},
{
  "model": "auth.permission",
  "pk": 32,
  "fields": {
    "name": "Can view ftw word",
    "content_type": 8,
    "codename": "view_ftwword"
  }
},
{
  "model": "auth.permission",
  "pk": 33,
  "fields": {
    "name": "Can add media",
    "content_type": 9,
    "codename": "add_media"
  }
},
{
  "model": "auth.permission",
  "pk": 34,
  "fields": {
    "name": "Can change media",
    "content_type": 9,
    "codename": "change_media"
  }
},
{
  "model": "auth.permission",
  "pk": 35,
  "fields": {
    "name": "Can delete media",
    "content_type": 9,
    "codename": "delete_media"
  }
},
{
  "model": "auth.permission",
  "pk": 36,
  "fields": {
    "name": "Can view media",
    "content_type": 9,
    "codename": "view_media"
  }
},
{
  "model": "auth.permission",
  "pk": 37,
  "fields": {
    "name": "Can add location",
    "content_type": 10,
    "codename": "add_location"
  }
},
{
  "model": "auth.permission",
  "pk": 38,
  "fields": {
    "name": "Can change location",
    "content_type": 10,
    "codename": "change_location"
  }
},
{
  "model": "auth.permission",
  "pk": 39,
  "fields": {
    "name": "Can delete location",
    "content_type": 10,
    "codename": "delete_location"
  }
},
{
  "model": "auth.permission",
  "pk": 40,
  "fields": {
    "name": "Can view location",
    "content_type": 10,
    "codename": "view_location"
  }
},
{
  "model": "auth.permission",
  "pk": 41,
  "fields": {
    "name": "Can add ftw user",
    "content_type": 11,
    "codename": "add_ftwuser"
  }
},
{
  "model": "auth.permission",
  "pk": 42,
  "fields": {
    "name": "Can change ftw user",
    "content_type": 11,
    "codename": "change_ftwuser"
  }
},
{
  "model": "auth.permission",
  "pk": 43,
  "fields": {
    "name": "Can delete ftw user",
    "content_type": 11,
    "codename": "delete_ftwuser"
  }
},
{
  "model": "auth.permission",
  "pk": 44,
  "fields": {
    "name": "Can view ftw user",
    "content_type": 11,
    "codename": "view_ftwuser"
  }
},
{
  "model": "auth.permission",
  "pk": 45,
  "fields": {
    "name": "Can add event",
    "content_type": 12,
    "codename": "add_event"
  }
},
{
  "model": "auth.permission",
  "pk": 46,
  "fields": {
    "name": "Can change event",
    "content_type": 12,
    "codename": "change_event"
  }
},
{
  "model": "auth.permission",
  "pk": 47,
  "fields": {
    "name": "Can delete event",
    "content_type": 12,
    "codename": "delete_event"
  }
},
{
  "model": "auth.permission",
  "pk": 48,
  "fields": {
    "name": "Can view event",
    "content_type": 12,
    "codename": "view_event"
  }
},
{
  "model": "auth.permission",
  "pk": 49,
  "fields": {
    "name": "Can add comment",
    "content_type": 13,
    "codename": "add_comment"
  }
},
{
  "model": "auth.permission",
  "pk": 50,
  "fields": {
    "name": "Can change comment",
    "content_type": 13,
    "codename": "change_comment"
  }
},
{
  "model": "auth.permission",
  "pk": 51,
  "fields": {
    "name": "Can delete comment",
    "content_type": 13,
    "codename": "delete_comment"
  }
},
{
  "model": "auth.permission",
  "pk": 52,
  "fields": {
    "name": "Can view comment",
    "content_type": 13,
    "codename": "view_comment"
  }
},
{
  "model": "auth.group",
  "pk": 1,
  "fields": {
    "name": "user",
    "permissions": [
      9,
      11,
      12,
      5,
      6,
      7,
      8,
      13,
      14,
      15,
      16,
      17,
      18,
      19,
      20,
      25,
      28,
      49,
      50,
      51,
      52,
      45,
      46,
      47,
      48,
      41,
      42,
      43,
      44,
      37,
      40,
      33,
      34,
      35,
      36,
      21,
      22,
      23,
      24
    ]
  }
},
{
  "model": "auth.user",
  "pk": 1,
  "fields": {
    "password": "pbkdf2_sha256$180000$v7HIsPkJ2MPw$hcyeXpcxOQdbvd0HIfki1c7OIaFOFYSbUt+y+YFGR8s=",
    "last_login": "2020-01-26T16:23:34.764Z",
    "is_superuser": true,
    "username": "admin",
    "first_name": "",
    "last_name": "",
    "email": "admin@ftw.com",
    "is_staff": true,
    "is_active": true,
    "date_joined": "2020-01-26T10:44:09Z",
    "groups": [
      1
    ],
    "user_permissions": []
  }
},
{
  "model": "auth.user",
  "pk": 2,
  "fields": {
    "password": "pbkdf2_sha256$150000$Tq28s3LQfZST$bxGKC/wyan5QAgKO5xvcAOFShRz4u1MgpxSPfyowun0=",
    "last_login": null,
    "is_superuser": false,
    "username": "DanielHofer",
    "first_name": "",
    "last_name": "",
    "email": "",
    "is_staff": false,
    "is_active": true,
    "date_joined": "2020-01-26T10:47:26Z",
    "groups": [
      1
    ],
    "user_permissions": []
  }
},
{
  "model": "auth.user",
  "pk": 3,
  "fields": {
    "password": "pbkdf2_sha256$180000$YP8qeYj2C2sn$uY8W2/TOnn4SzN2NNmN3j5M9VswPls3oKcuojCqoEq4=",
    "last_login": null,
    "is_superuser": false,
    "username": "SarahMair",
    "first_name": "",
    "last_name": "",
    "email": "",
    "is_staff": false,
    "is_active": true,
    "date_joined": "2020-01-26T10:47:54Z",
    "groups": [
      1
    ],
    "user_permissions": []
  }
},
{
  "model": "auth.user",
  "pk": 4,
  "fields": {
    "password": "pbkdf2_sha256$180000$ugEjVmE54riZ$LgLxN99gHLMi61noUdl6t/nOjDxOF440/FsoLsauO7w=",
    "last_login": null,
    "is_superuser": false,
    "username": "RobertoEsposito",
    "first_name": "",
    "last_name": "",
    "email": "",
    "is_staff": false,
    "is_active": true,
    "date_joined": "2020-01-26T10:48:15Z",
    "groups": [
      1
    ],
    "user_permissions": []
  }
},
{
  "model": "auth.user",
  "pk": 5,
  "fields": {
    "password": "pbkdf2_sha256$150000$mI7YavfnodUx$pwhduV5VTmNTMfFRTEYLtbXfrvC7YJEhNDwTBrkVCpY=",
    "last_login": null,
    "is_superuser": false,
    "username": "LukasTamalio",
    "first_name": "",
    "last_name": "",
    "email": "",
    "is_staff": false,
    "is_active": true,
    "date_joined": "2020-01-26T10:48:43Z",
    "groups": [
      1
    ],
    "user_permissions": []
  }
},
{
  "model": "auth.user",
  "pk": 6,
  "fields": {
    "password": "pbkdf2_sha256$150000$1kLv0StgWQAO$nJJw/sTGCoIV3VjrMpm4nfCCeJmBMiOOVWd11FRN3Wc=",
    "last_login": null,
    "is_superuser": false,
    "username": "ClaudiaDemattio",
    "first_name": "",
    "last_name": "",
    "email": "",
    "is_staff": false,
    "is_active": true,
    "date_joined": "2020-01-26T10:49:04Z",
    "groups": [
      1
    ],
    "user_permissions": []
  }
},
{
  "model": "auth.user",
  "pk": 7,
  "fields": {
    "password": "pbkdf2_sha256$150000$T6WPTmqTMlZv$R6oSv0vftQXC/I2c2vA80mz9lKiH3imnQD9Kx7G2ynQ=",
    "last_login": null,
    "is_superuser": false,
    "username": "TaylorSwift",
    "first_name": "",
    "last_name": "",
    "email": "",
    "is_staff": false,
    "is_active": true,
    "date_joined": "2020-01-26T10:49:47Z",
    "groups": [
      1
    ],
    "user_permissions": []
  }
},
{
  "model": "auth.user",
  "pk": 8,
  "fields": {
    "password": "pbkdf2_sha256$150000$wtChRNKttdd4$jW3HfjNeh8RL1kLQRNL2+EwBz7xk62nwpnJT63DLxwo=",
    "last_login": null,
    "is_superuser": false,
    "username": "KimKardashian",
    "first_name": "",
    "last_name": "",
    "email": "",
    "is_staff": false,
    "is_active": true,
    "date_joined": "2020-01-26T10:49:58Z",
    "groups": [
      1
    ],
    "user_permissions": []
  }
},
{
  "model": "auth.user",
  "pk": 9,
  "fields": {
    "password": "pbkdf2_sha256$150000$6KHJGDLKLIco$Bc3rm8skOZ8kQ7NnJFlrze58/4CNn56qaBTlFnzMnAI=",
    "last_login": null,
    "is_superuser": false,
    "username": "CristianoRonaldo",
    "first_name": "",
    "last_name": "",
    "email": "",
    "is_staff": false,
    "is_active": true,
    "date_joined": "2020-01-26T10:50:06Z",
    "groups": [
      1
    ],
    "user_permissions": []
  }
},
{
  "model": "auth.user",
  "pk": 10,
  "fields": {
    "password": "pbkdf2_sha256$150000$afH3bI5PIdK8$dFKQIHf68k3sDTt1kqbQ+fTv0/0vzpOK2xH9jKjUwnI=",
    "last_login": null,
    "is_superuser": false,
    "username": "Rihanna",
    "first_name": "",
    "last_name": "",
    "email": "",
    "is_staff": false,
    "is_active": true,
    "date_joined": "2020-01-26T10:50:15Z",
    "groups": [
      1
    ],
    "user_permissions": []
  }
},
{
  "model": "auth.user",
  "pk": 11,
  "fields": {
    "password": "pbkdf2_sha256$180000$KEflhHROqn5W$BXPLcx4ghlhW1shwBXQsHpyyUYJgETdgVPLACYyuw+0=",
    "last_login": null,
    "is_superuser": false,
    "username": "JenniferLawrence",
    "first_name": "",
    "last_name": "",
    "email": "",
    "is_staff": false,
    "is_active": true,
    "date_joined": "2020-01-26T10:50:25Z",
    "groups": [
      1
    ],
    "user_permissions": []
  }
},
{
  "model": "auth.user",
  "pk": 12,
  "fields": {
    "password": "pbkdf2_sha256$180000$K27Xw4bjc0Au$JjvqgRyvGkBD35gzcpuJ3vp6mgBVDF8xMLe70FwV1Qo=",
    "last_login": null,
    "is_superuser": false,
    "username": "KanyeWest",
    "first_name": "",
    "last_name": "",
    "email": "",
    "is_staff": false,
    "is_active": true,
    "date_joined": "2020-01-26T10:50:36Z",
    "groups": [
      1
    ],
    "user_permissions": []
  }
},
{
  "model": "auth.user",
  "pk": 13,
  "fields": {
    "password": "pbkdf2_sha256$150000$cGvUrCgMGCIo$TeMRmXqoEwvfpjbygNPI0RCqgQqm054E6hgszYc1cps=",
    "last_login": null,
    "is_superuser": false,
    "username": "KatyPerry",
    "first_name": "",
    "last_name": "",
    "email": "",
    "is_staff": false,
    "is_active": true,
    "date_joined": "2020-01-26T10:50:48Z",
    "groups": [
      1
    ],
    "user_permissions": []
  }
},
{
  "model": "auth.user",
  "pk": 14,
  "fields": {
    "password": "pbkdf2_sha256$150000$XUjiDD6Wvxpz$Bha0PGhccgY5GHlhZgpCjklaqLWTHWBHwjwhZrgWdCQ=",
    "last_login": null,
    "is_superuser": false,
    "username": "Beyonc\u00e9",
    "first_name": "",
    "last_name": "",
    "email": "",
    "is_staff": false,
    "is_active": true,
    "date_joined": "2020-01-26T10:51:00Z",
    "groups": [
      1
    ],
    "user_permissions": []
  }
},
{
  "model": "auth.user",
  "pk": 15,
  "fields": {
    "password": "pbkdf2_sha256$180000$ht6Anar5WXdg$6p/R2ZbI38gycZf65E5CaY59cuITYbcwiWibyQana64=",
    "last_login": null,
    "is_superuser": false,
    "username": "Jay-Z",
    "first_name": "",
    "last_name": "",
    "email": "",
    "is_staff": false,
    "is_active": true,
    "date_joined": "2020-01-26T10:51:08Z",
    "groups": [
      1
    ],
    "user_permissions": []
  }
},
{
  "model": "auth.user",
  "pk": 16,
  "fields": {
    "password": "pbkdf2_sha256$150000$XuApdOqZpV5j$GCmFlpOiFWCeEW5WIjMWSO9Re0AIdX0PHYAr8WjR7lY=",
    "last_login": null,
    "is_superuser": false,
    "username": "JenniferLopez",
    "first_name": "",
    "last_name": "",
    "email": "",
    "is_staff": false,
    "is_active": true,
    "date_joined": "2020-01-26T10:51:19Z",
    "groups": [
      1
    ],
    "user_permissions": []
  }
},
{
  "model": "auth.user",
  "pk": 17,
  "fields": {
    "password": "pbkdf2_sha256$180000$eHuN2gCq6yzH$6g4PUeMuFxAvtg/OTsmEhmOqfIVwUnugpfSntimgrJk=",
    "last_login": null,
    "is_superuser": false,
    "username": "Tim",
    "first_name": "",
    "last_name": "",
    "email": "",
    "is_staff": false,
    "is_active": true,
    "date_joined": "2020-01-26T10:51:30Z",
    "groups": [
      1
    ],
    "user_permissions": []
  }
},
{
  "model": "auth.user",
  "pk": 18,
  "fields": {
    "password": "pbkdf2_sha256$180000$Roqoh7NpCBTA$dXraqHywkZRzEX+VG1iZsb7rugJ/z/ry/lyk/Ff5ssA=",
    "last_login": null,
    "is_superuser": false,
    "username": "Julian",
    "first_name": "",
    "last_name": "",
    "email": "",
    "is_staff": false,
    "is_active": true,
    "date_joined": "2020-01-26T10:51:38Z",
    "groups": [
      1
    ],
    "user_permissions": []
  }
},
{
  "model": "auth.user",
  "pk": 19,
  "fields": {
    "password": "pbkdf2_sha256$180000$RT6Bs9adqytC$TqgCja/UkmQ4C56ADHRlMv5Dppy/ap6DEZOz6FPO590=",
    "last_login": null,
    "is_superuser": false,
    "username": "Lukas",
    "first_name": "",
    "last_name": "",
    "email": "",
    "is_staff": false,
    "is_active": true,
    "date_joined": "2020-01-26T10:51:46Z",
    "groups": [
      1
    ],
    "user_permissions": []
  }
},
{
  "model": "auth.user",
  "pk": 20,
  "fields": {
    "password": "pbkdf2_sha256$180000$uBYjIfIiO9SF$d4THXex/nILvXwJkT+U782J8tI9BFupQCAVXXdV2Uog=",
    "last_login": null,
    "is_superuser": false,
    "username": "Michael",
    "first_name": "",
    "last_name": "",
    "email": "",
    "is_staff": false,
    "is_active": true,
    "date_joined": "2020-01-26T10:51:53Z",
    "groups": [
      1
    ],
    "user_permissions": []
  }
},
{
  "model": "auth.user",
  "pk": 21,
  "fields": {
    "password": "pbkdf2_sha256$180000$PKFEcGUGdJW0$8n/IgPd/Scet0laqKf1FxEkBK7l46Y5GupS+xnaohJ0=",
    "last_login": null,
    "is_superuser": false,
    "username": "BradPitt",
    "first_name": "Brad",
    "last_name": "Pitt",
    "email": "",
    "is_staff": false,
    "is_active": true,
    "date_joined": "2020-01-26T12:33:31Z",
    "groups": [
      1
    ],
    "user_permissions": []
  }
},
{
  "model": "ftw.event",
  "pk": 1,
  "fields": {
    "name": "Fire & Ice Ski Show",
    "start_date": "2020-01-01T12:38:02Z",
    "end_date": "2020-03-19T12:38:04Z",
    "creator": 18,
    "private": false,
    "location": 1,
    "category": 2,
    "short_description": "Artistische Meisterspr\u00fcnge und saubere Landungen",
    "description": "<p>Artistische Meisterspr\u00fcnge und saubere Landungen gibt es in Olang auch heuer wieder zahlreiche zu sehen. Von Ende Dezember bis Mitte M\u00e4rz folgt jeden Donnerstag eine atemberaubende Ski Show der anderen.</p><p>Geleitet wird das Ganze von den \u00f6rtlichen Skischulen und deren Lehrern, welche sich jedes Jahr etwas Neues einfallen lassen. Die spektakul\u00e4ren Spr\u00fcnge werden musikalisch und von einem Moderator begleitet. Die K\u00e4lte scheint man bei der einheizenden Stimmung und dem s\u00fc\u00dfen Gl\u00fchwein glatt zu vergessen.</p><p><br></p><p><span style=\"color: rgb(51, 51, 51);\">Tolles Rahmenprogramm</span></p><p>Selbst nach den letzten waghalsigen Spr\u00fcngen und einem Feuerwerk ist die Veranstaltung noch lange nicht vorbei: Auch wenn man selbst nicht auf der&nbsp;<a href=\"https://www.suedtirol.com/wintersport/skifahren/kronplatz\" rel=\"noopener noreferrer\" target=\"_blank\" style=\"color: rgb(111, 160, 60); background-color: transparent;\">Piste</a>&nbsp;war, geh\u00f6rt ein bisschen&nbsp;<span style=\"color: rgb(51, 51, 51);\">Apr\u00e8s-Ski</span>&nbsp;dazu. Im \"Gassl\", das direkt an der Piste liegt, wird bis tief in die Nacht hinein gefeiert.</p><p><br></p>",
    "max_users": 5,
    "costs": 0,
    "picture": 27,
    "confirmed_users": [
      4,
      11,
      17,
      19,
      20
    ]
  }
},
{
  "model": "ftw.event",
  "pk": 2,
  "fields": {
    "name": "Carezza Snow Night",
    "start_date": "2019-12-26T13:40:27Z",
    "end_date": "2020-03-12T13:40:37Z",
    "creator": 18,
    "private": false,
    "location": 2,
    "category": 1,
    "short_description": "Es kommt niemand mehr aus dem Staunen heraus!",
    "description": "<p>Bei der Carezza Snow Night kommt Gro\u00df und Klein nicht mehr aus dem Staunen heraus!</p><p>Denn auf der&nbsp;<span style=\"color: rgb(51, 51, 51);\">Pra di Tori Piste&nbsp;</span>im&nbsp;<a href=\"https://www.suedtirol.com/eggental\" rel=\"noopener noreferrer\" target=\"_blank\" style=\"color: rgb(111, 160, 60); background-color: transparent;\">Eggental</a>&nbsp;gibt es auch im&nbsp;<span style=\"color: rgb(51, 51, 51);\">Winter 2019/20</span>&nbsp;wieder Stunts wie in einem waghalsigen Actionfilm zu sehen.</p><p>Auf der Weltcup-Abfahrt erwartet Sie eine&nbsp;<span style=\"color: rgb(51, 51, 51);\">au\u00dfergew\u00f6hnlich spannende Vorf\u00fchrung</span>, die Erwachsene und Kinder gleicherma\u00dfen in Staunen versetzt. Die Schneekatzenshow, akrobatische Telemark- und Freestylespr\u00fcnge, Vorf\u00fchrungen der Skischule Carezza mit Feuerwerk, Fackelabfahrten,&nbsp;<a href=\"https://www.suedtirol.com/eggental/koenig-laurin\" rel=\"noopener noreferrer\" target=\"_blank\" style=\"color: rgb(111, 160, 60); background-color: transparent;\">K\u00f6nig Laurin</a>&nbsp;und die sieben Zwerge sind nur einige der Programmhighlights.&nbsp;</p><p>Von Welschnofen und Tiers gibt es au\u00dferdem einen&nbsp;<span style=\"color: rgb(51, 51, 51);\">kostenlosen Zubringerdienst</span>!</p>",
    "max_users": 5,
    "costs": 0,
    "picture": 28,
    "confirmed_users": [
      11,
      12,
      17,
      21
    ]
  }
},
{
  "model": "ftw.event",
  "pk": 3,
  "fields": {
    "name": "HEY YA!",
    "start_date": "2020-02-01T00:00:00Z",
    "end_date": "2020-02-01T06:30:00Z",
    "creator": 17,
    "private": false,
    "location": 5,
    "category": 2,
    "short_description": "Die 00er Party",
    "description": "<p><strong style=\"background-color: rgb(255, 255, 255); color: rgb(0, 0, 0);\"><em>Just dance! Die besten Tracks des Jahrzehnts</em></strong></p><p><em style=\"background-color: rgb(255, 255, 255); color: rgb(0, 0, 0);\">\"Get the party started: 2000 -2009 in the mix!\"</em></p><p><br></p><p><span style=\"background-color: rgb(255, 255, 255); color: rgb(0, 0, 0);\">\"</span><strong style=\"background-color: rgb(255, 255, 255); color: rgb(0, 0, 0);\"><em>Eingenullt&nbsp;</em></strong><span style=\"background-color: rgb(255, 255, 255); color: rgb(0, 0, 0);\">werden\" von den unvergessenen Charthits, den Rockhymnen aller Art, den extrem tanzbaren Tracks aber auch fast vergessenen One-Hit-Wonder-Songs, aufgepeppt mit einer Prise HipHop und RnB.</span></p><p><br></p><p><span style=\"background-color: rgb(255, 255, 255); color: rgb(0, 0, 0);\">Wir marschieren querbeet durch die Jahre 2000 bis 2009; ganz egal ob Alicia Keys, The Black Eyed Peas, Usher, Linkin Park, Gigi D'Agostino, Eminem, Shakira, Christina Aguilera, System Of A Down, Justin Timberlake, Enrique Iglesias, Kylie Minogue, Destiny's Child, Avril Lavigne,&nbsp;Lady Gaga, Blue, Nickelback,&nbsp;Rihanna, Shaggy, Usher, The Gossip, oder aber auch Groove Coverage -&nbsp;&nbsp;</span><strong style=\"background-color: rgb(255, 255, 255); color: rgb(0, 0, 0);\"><em>tanzen, shaken, mitsingen!</em></strong></p>",
    "max_users": 5,
    "costs": 0,
    "picture": 29,
    "confirmed_users": [
      12,
      19,
      21
    ]
  }
},
{
  "model": "ftw.event",
  "pk": 4,
  "fields": {
    "name": "Meine Kneipe",
    "start_date": "2020-02-07T23:00:00Z",
    "end_date": "2020-02-08T05:30:00Z",
    "creator": 17,
    "private": false,
    "location": 5,
    "category": 2,
    "short_description": "100% deutschsprachige Hits!",
    "description": "<p><strong style=\"background-color: rgb(255, 255, 255); color: rgb(0, 0, 0);\">\"Meine Kneipe\" l\u00e4dt zum Mitsingen und Feiern ein - die ganze Nacht hindurch steht einzig und alleine die deutschsprachige Musik im Zentrum des Geschehens mit DJane FruFru</strong></p><p><br></p><p><em style=\"background-color: rgb(255, 255, 255); color: rgb(0, 0, 0);\">\"Irgendwie f\u00e4ngt irgendwann irgendwo die Zukunft an\"</em></p><p><span style=\"background-color: rgb(255, 255, 255); color: rgb(0, 0, 0);\">Bilderbuch, Wanda, Dame, Seiler &amp; Speer, RAF Camora und Granada haben es in den letzten Monaten und Jahren bewiesen: Auch \u00f6sterreichische K\u00fcnstler erlangen durch deutschsprachige Musik wieder gro\u00dfe Aufmerksamkeit und dementsprechenden internationalen Erfolg.</span></p><p><br></p><p><span style=\"background-color: rgb(255, 255, 255); color: rgb(0, 0, 0);\">Interpreten wie Seeed, Rammstein, Sportfreunde Stiller, Die \u00c4rzte, Die Toten Hosen, Madsen, Fettes Brot, Xavier Naidoo, Sido, Nena, Die Fantastischen Vier, Beginner, Herbert Gr\u00f6nemeyer, K.I.Z. oder Deichkind brachten bereits mehrere Generationen in den Clubs zum Feiern - die \"Newcomer\" der letzten Jahre wie Annenmaykantereit, Kraftklub, Marteria, Casper, Fiva, Alligatoah oder Cro brachten der deutschsprachigen Musik einen erneuten H\u00f6hepunkt ein. Auch Glasperlenspiel, Mark Forster, Max Giesinger, Namika oder Tim Bendzko standen in den letzten Monaten in den jeweiligen Charts mit deutschsprachigen Songs auf Platz 1 der Charts.</span></p>",
    "max_users": 5,
    "costs": 0,
    "picture": 30,
    "confirmed_users": [
      4,
      11,
      12,
      19,
      21
    ]
  }
},
{
  "model": "ftw.event",
  "pk": 5,
  "fields": {
    "name": "Worst Club 2000er",
    "start_date": "2020-02-15T22:00:00Z",
    "end_date": "2020-02-16T04:30:00Z",
    "creator": 17,
    "private": false,
    "location": 6,
    "category": 2,
    "short_description": "Hits ab dem Millenium",
    "description": "<p><span style=\"background-color: rgb(221, 195, 146); color: rgb(0, 0, 0);\">Der Worst Club 2000er bringt euch die gr\u00f6\u00dften Hits der 0er Jahre. Wie immer in einem tanzbaren Mix pr\u00e4sentiert von Norman David und little_ladi. F\u00fcr alle, die die Hits von Justin, Britney, Nelly, Shakira, Eminem und Co. nicht vergessen wollen.</span></p>",
    "max_users": 5,
    "costs": 0,
    "picture": 23,
    "confirmed_users": []
  }
},
{
  "model": "ftw.event",
  "pk": 6,
  "fields": {
    "name": "Psytrance Experience",
    "start_date": "2020-01-17T22:00:00Z",
    "end_date": "2020-01-18T05:00:00Z",
    "creator": 17,
    "private": false,
    "location": 6,
    "category": 2,
    "short_description": "Progressive to Psychedelic",
    "description": "<p><span style=\"background-color: rgb(255, 255, 255); color: rgb(29, 33, 41);\">PSYTRANCE EXPERIENCE @ POSTGARAGE GRAZ  // 2ND FLOOR</span></p><p><br></p><p><span style=\"background-color: rgb(255, 255, 255); color: rgb(29, 33, 41);\">........................ -&gt; enjoy dancing &amp; love music &lt;- .......................</span></p><p><br></p><p><span style=\"background-color: rgb(255, 255, 255); color: rgb(29, 33, 41);\">\u2605 PSYTRANCE EXPERIENCE @ POSTAGRAGE \u2605</span></p><p><span style=\"background-color: rgb(255, 255, 255); color: rgb(29, 33, 41);\">\u2605 FINEST DJ SELECTION \u2605 VISUAL AMUSEMENT \u2605 </span></p><p><span style=\"background-color: rgb(255, 255, 255); color: rgb(29, 33, 41);\">\u2605 PSYTRANCE &amp; PROGRESSIVE PSY \u2605</span></p><p><br></p><p><span style=\"background-color: rgb(255, 255, 255); color: rgb(29, 33, 41);\">\u2605 ALL THOSE BEAUTIFUL THINGS @ POSTGARAGE GRAZ \u2605</span></p><p><br></p><p><span style=\"background-color: rgb(255, 255, 255); color: rgb(29, 33, 41);\">Erste Party im neuen Jahr und das wollen wir mit den coolsten Beats aus den Bereichen des Progressive Psy &amp; Psytrance mit euch auf einer fantastischen Party in der Postgarage feiern!</span></p><p><span style=\"background-color: rgb(255, 255, 255); color: rgb(29, 33, 41);\">Nach dem der Winter alles fest im Griff hat und es drau\u00dfen kalt ist,  verkr\u00fcmeln wir uns wieder in unser Party Wohnzimmer dem 2nd Floor der Postgarage.</span></p><p><br></p><p><span style=\"background-color: rgb(255, 255, 255); color: rgb(29, 33, 41);\">Nach langer Zeit freuen wir uns die progressive und verspielte Power von </span><a href=\"https://www.facebook.com/DjMahodin/\" rel=\"noopener noreferrer\" target=\"_blank\" style=\"background-color: rgb(255, 255, 255); color: rgb(56, 88, 152);\">Mahodin</a><span style=\"background-color: rgb(255, 255, 255); color: rgb(29, 33, 41);\"> zu sp\u00fcren, der gekonnt die Genres psychedelic Techno &amp; progressive Trance zu einem Musikalischen Feuerwerk vermengt.</span></p><p><br></p><p><span style=\"background-color: rgb(255, 255, 255); color: rgb(29, 33, 41);\">\u00dcber das Energieb\u00fcndel </span><a href=\"https://www.facebook.com/KavanrayMusic/\" rel=\"noopener noreferrer\" target=\"_blank\" style=\"background-color: rgb(255, 255, 255); color: rgb(56, 88, 152);\">KavanRay</a><span style=\"background-color: rgb(255, 255, 255); color: rgb(29, 33, 41);\"> vom </span><a href=\"https://www.facebook.com/PsyPortCollective/\" rel=\"noopener noreferrer\" target=\"_blank\" style=\"background-color: rgb(255, 255, 255); color: rgb(56, 88, 152);\">PsyPort Collective</a><span style=\"background-color: rgb(255, 255, 255); color: rgb(29, 33, 41);\"> muss man nicht viele Worte verlieren. Sein Selektion aus der Farbpalette des Psytrance sorgt jedes Mal aufs neue f\u00fcr Ausnahmezust\u00e4nde und brennende Fu\u00dfsolen.</span></p><p><br></p><p><a href=\"https://www.facebook.com/GMO.gilbertokorn/\" rel=\"noopener noreferrer\" target=\"_blank\" style=\"background-color: rgb(255, 255, 255); color: rgb(56, 88, 152);\">G.M.O</a><span style=\"background-color: rgb(255, 255, 255); color: rgb(29, 33, 41);\">, der junge und aufstrebende Dj aus Graz, besticht durch seine elegante und gef\u00fchlvolle Mix Kunst in Verbindung mit dem H\u00e4ndchen die besten Tracks jedes progressive Herz zu erreichen.</span></p><p><span style=\"background-color: rgb(255, 255, 255); color: rgb(29, 33, 41);\"> </span></p><p><br></p><p><span style=\"background-color: rgb(255, 255, 255); color: rgb(29, 33, 41);\">Am Mainfloor k\u00f6nnt ihr in den Techno Streifzug steigen, wo </span><a href=\"https://www.facebook.com/AustrianApparel/\" rel=\"noopener noreferrer\" target=\"_blank\" style=\"background-color: rgb(255, 255, 255); color: rgb(56, 88, 152);\">Austrian Apparel</a><span style=\"background-color: rgb(255, 255, 255); color: rgb(29, 33, 41);\"> ein sensationelles LIVE Abenteuer auf Schiene bringt, </span><a href=\"https://www.facebook.com/joanishmusic/\" rel=\"noopener noreferrer\" target=\"_blank\" style=\"background-color: rgb(255, 255, 255); color: rgb(56, 88, 152);\">JOANiSH</a><span style=\"background-color: rgb(255, 255, 255); color: rgb(29, 33, 41);\"> vom Cult Projekt </span><a href=\"https://www.facebook.com/puppenhouse/\" rel=\"noopener noreferrer\" target=\"_blank\" style=\"background-color: rgb(255, 255, 255); color: rgb(56, 88, 152);\">PUPPENHOUSE</a><span style=\"background-color: rgb(255, 255, 255); color: rgb(29, 33, 41);\"> mit </span><a href=\"https://www.facebook.com/romanweberofficial/\" rel=\"noopener noreferrer\" target=\"_blank\" style=\"background-color: rgb(255, 255, 255); color: rgb(56, 88, 152);\">Roman Weber</a><span style=\"background-color: rgb(255, 255, 255); color: rgb(29, 33, 41);\"> von WORLD OF TECHNO und unsre Grazer Allzeit Liebling </span><a href=\"https://www.facebook.com/djpetevanweed/\" rel=\"noopener noreferrer\" target=\"_blank\" style=\"background-color: rgb(255, 255, 255); color: rgb(56, 88, 152);\">Dj Pete van Weed</a><span style=\"background-color: rgb(255, 255, 255); color: rgb(29, 33, 41);\"> heizen die Stimmung noch zus\u00e4tzlich an. </span></p>",
    "max_users": 5,
    "costs": 0,
    "picture": 24,
    "confirmed_users": []
  }
},
{
  "model": "ftw.event",
  "pk": 7,
  "fields": {
    "name": "Obereggen Night Show",
    "start_date": "2020-02-11T17:00:00Z",
    "end_date": "2020-02-11T21:00:00Z",
    "creator": 18,
    "private": false,
    "location": 3,
    "category": 4,
    "short_description": "In Obereggen wird die Nacht zum Tag!",
    "description": "<p>Zwischen 23. Dezember 2019 und 13. April 2020 wird in Obereggen die Nacht zum Tag gemacht. Jeden Montag erwartet Sie eine mitrei\u00dfende Show mit vielen unterhaltsamen Acts und einem bestens gelaunten Publikum!</p><p>Mit der Night Show hat sich das Skigebiet&nbsp;<a href=\"https://www.suedtirol.com/wintersport/skifahren/obereggen\" rel=\"noopener noreferrer\" target=\"_blank\" style=\"color: rgb(111, 160, 60); background-color: transparent;\">Obereggen</a>&nbsp;etwas ganz Besonderes f\u00fcr seine G\u00e4ste ausgedacht: Jeden&nbsp;<span style=\"color: rgb(51, 51, 51);\">Montagabend&nbsp;</span>gibt es ab 21.30 Uhr eine spannende Show mit&nbsp;<span style=\"color: rgb(51, 51, 51);\">aufregenden Einlagen</span>,&nbsp;<span style=\"color: rgb(51, 51, 51);\">mitrei\u00dfender Musik</span>&nbsp;und&nbsp;<span style=\"color: rgb(51, 51, 51);\">Feuerwerk</span>.</p><p>Die lokale Ski- und Snowboardschule zeigt auf der Piste, was sie drauf hat. Freestyler f\u00fchren&nbsp;<span style=\"color: rgb(51, 51, 51);\">waghalsige Kunstst\u00fccke</span>&nbsp;vor und Teams fahren in beeindruckenden Formationen ins Tal.</p><p>Um den G\u00e4sten und Skifans&nbsp;<span style=\"color: rgb(51, 51, 51);\">Unterhaltung vom Feinsten</span>&nbsp;zu bieten, werden auch noch verschiedene&nbsp;<span style=\"color: rgb(51, 51, 51);\">Pistenfahrzeuge</span>&nbsp;wie Schneekatzen auf die Open-Air-Showb\u00fchne gebracht. Auch sie bieten den staunenden Zuaschauern unglaubliche Showeinlagen und machen die Obereggen Night Show zu einem unvergesslichen Ereignis.</p><p>Wer in Feierlaune i</p>",
    "max_users": 5,
    "costs": 0,
    "picture": 26,
    "confirmed_users": [
      17
    ]
  }
},
{
  "model": "ftw.event",
  "pk": 8,
  "fields": {
    "name": "Laurins Sunday Brunch",
    "start_date": "2020-01-31T09:00:00Z",
    "end_date": "2020-01-31T16:00:00Z",
    "creator": 18,
    "private": false,
    "location": 2,
    "category": 3,
    "short_description": "Happy Sunday!",
    "description": "<p><span style=\"background-color: rgb(255, 255, 255); color: rgb(29, 33, 41);\">Happy Sunday! </span></p><p><span style=\"background-color: rgb(255, 255, 255); color: rgb(29, 33, 41);\">Jeden Sonntag von 10.00 bis 14.00 Uhr in der Laurin Bar.</span></p><p><span style=\"background-color: rgb(255, 255, 255); color: rgb(29, 33, 41);\">Eine Auswahl an s\u00fc\u00dfen und salzigen K\u00f6stlichkeiten, dazu einen frisch gepressten Orangensaft und einen Cappuccino, oder vielleicht doch ein Glas Sekt? Unser Sunday Brunch ist die perfekte Alternative am Sonntag!</span></p><p><br></p><p><span style=\"background-color: rgb(255, 255, 255); color: rgb(29, 33, 41);\">Eintritt frei. Brunch 29 Euro (inkl. einem warmen Getr\u00e4nk und frischem Orangensaft)</span></p><p><span style=\"background-color: rgb(255, 255, 255); color: rgb(29, 33, 41);\">2 STUNDEN GRATIS PARKEN!!</span></p><p><br></p><p><span style=\"background-color: rgb(255, 255, 255); color: rgb(29, 33, 41);\">Happy Sunday!</span></p><p><span style=\"background-color: rgb(255, 255, 255); color: rgb(29, 33, 41);\">Ogni domenica dalle ore 10 alle ore 14 al Laurin Bar</span></p><p><span style=\"background-color: rgb(255, 255, 255); color: rgb(29, 33, 41);\">Una selezione di deliziosi stuzzicchini dolci e salati accompagnati da una fresca spremuta d\u2019arancia e un cappuccino; o forse preferisce un bicchiere di spumante frizzante? </span></p><p><span style=\"background-color: rgb(255, 255, 255); color: rgb(29, 33, 41);\">La nostra alternativa leggera per la domenica!</span></p><p><br></p><p><span style=\"background-color: rgb(255, 255, 255); color: rgb(29, 33, 41);\">Ingresso libero. Brunch 29 euro (inclusa una bevanda calda e spremuta d\u2019arancia)</span></p><p><span style=\"background-color: rgb(255, 255, 255); color: rgb(29, 33, 41);\">PARCHEGGIO GRATUITO PER 2 ORE!!</span></p>",
    "max_users": 5,
    "costs": 0,
    "picture": 31,
    "confirmed_users": [
      17
    ]
  }
},
{
  "model": "ftw.event",
  "pk": 9,
  "fields": {
    "name": "Tim's geheime Party Vol. 101",
    "start_date": "2020-01-27T23:23:00Z",
    "end_date": "2020-01-28T03:33:00Z",
    "creator": 17,
    "private": true,
    "location": 7,
    "category": 2,
    "short_description": "You know already.",
    "description": "<p>As always. If you're cool enough, you're in. Otherwise, no chance.</p><p>See ya.</p>",
    "max_users": 5,
    "costs": 0,
    "picture": 33,
    "confirmed_users": [
      4
    ]
  }
},
{
  "model": "ftw.ftwuser",
  "pk": 1,
  "fields": {
    "user": 1,
    "picture": null,
    "first_name": "Admin",
    "last_name": "Istrator",
    "friends": []
  }
},
{
  "model": "ftw.ftwuser",
  "pk": 2,
  "fields": {
    "user": 2,
    "picture": null,
    "first_name": "Daniel",
    "last_name": "Hofer",
    "friends": []
  }
},
{
  "model": "ftw.ftwuser",
  "pk": 3,
  "fields": {
    "user": 3,
    "picture": null,
    "first_name": "Sarah",
    "last_name": "Mair",
    "friends": []
  }
},
{
  "model": "ftw.ftwuser",
  "pk": 4,
  "fields": {
    "user": 4,
    "picture": null,
    "first_name": "Roberto",
    "last_name": "Esposito",
    "friends": [
      17
    ]
  }
},
{
  "model": "ftw.ftwuser",
  "pk": 5,
  "fields": {
    "user": 5,
    "picture": null,
    "first_name": "Lukas",
    "last_name": "Tamalio",
    "friends": []
  }
},
{
  "model": "ftw.ftwuser",
  "pk": 6,
  "fields": {
    "user": 6,
    "picture": null,
    "first_name": "Claudia",
    "last_name": "Demattio",
    "friends": []
  }
},
{
  "model": "ftw.ftwuser",
  "pk": 7,
  "fields": {
    "user": 7,
    "picture": null,
    "first_name": "Taylor",
    "last_name": "Swift",
    "friends": []
  }
},
{
  "model": "ftw.ftwuser",
  "pk": 8,
  "fields": {
    "user": 8,
    "picture": null,
    "first_name": "Kim",
    "last_name": "Kardashian",
    "friends": []
  }
},
{
  "model": "ftw.ftwuser",
  "pk": 9,
  "fields": {
    "user": 9,
    "picture": null,
    "first_name": "Cristiano",
    "last_name": "Ronaldo",
    "friends": []
  }
},
{
  "model": "ftw.ftwuser",
  "pk": 10,
  "fields": {
    "user": 10,
    "picture": null,
    "first_name": "Robyn Rihanna",
    "last_name": "Fenty",
    "friends": []
  }
},
{
  "model": "ftw.ftwuser",
  "pk": 11,
  "fields": {
    "user": 11,
    "picture": 50,
    "first_name": "Jennifer",
    "last_name": "Lawrence",
    "friends": []
  }
},
{
  "model": "ftw.ftwuser",
  "pk": 12,
  "fields": {
    "user": 12,
    "picture": 44,
    "first_name": "Kayne",
    "last_name": "West",
    "friends": []
  }
},
{
  "model": "ftw.ftwuser",
  "pk": 13,
  "fields": {
    "user": 13,
    "picture": null,
    "first_name": "Katy",
    "last_name": "Perry",
    "friends": []
  }
},
{
  "model": "ftw.ftwuser",
  "pk": 14,
  "fields": {
    "user": 14,
    "picture": null,
    "first_name": "Giselle",
    "last_name": "Knowles-Carter",
    "friends": []
  }
},
{
  "model": "ftw.ftwuser",
  "pk": 15,
  "fields": {
    "user": 15,
    "picture": 45,
    "first_name": "Shawn Corey",
    "last_name": "Carter",
    "friends": [
      5,
      6,
      7,
      10,
      13,
      14,
      15,
      19
    ]
  }
},
{
  "model": "ftw.ftwuser",
  "pk": 16,
  "fields": {
    "user": 16,
    "picture": null,
    "first_name": "Jennifer",
    "last_name": "Lopez",
    "friends": [
      4,
      5,
      6,
      7,
      8,
      11,
      20
    ]
  }
},
{
  "model": "ftw.ftwuser",
  "pk": 17,
  "fields": {
    "user": 17,
    "picture": 47,
    "first_name": "Tim",
    "last_name": "Braunauer",
    "friends": [
      12,
      15,
      21
    ]
  }
},
{
  "model": "ftw.ftwuser",
  "pk": 18,
  "fields": {
    "user": 18,
    "picture": 46,
    "first_name": "Julian",
    "last_name": "Delazer",
    "friends": [
      17,
      19,
      20
    ]
  }
},
{
  "model": "ftw.ftwuser",
  "pk": 19,
  "fields": {
    "user": 19,
    "picture": 49,
    "first_name": "Lukas",
    "last_name": "Bichler",
    "friends": [
      17,
      18,
      20
    ]
  }
},
{
  "model": "ftw.ftwuser",
  "pk": 20,
  "fields": {
    "user": 20,
    "picture": 48,
    "first_name": "Michael",
    "last_name": "Zollweg",
    "friends": [
      17,
      18,
      19
    ]
  }
},
{
  "model": "ftw.ftwuser",
  "pk": 21,
  "fields": {
    "user": 21,
    "picture": 43,
    "first_name": "Brad",
    "last_name": "Pitt",
    "friends": []
  }
},
{
  "model": "ftw.comment",
  "pk": 1,
  "fields": {
    "event": 9,
    "creator": 12,
    "content": "<p>Tim!</p><p>Are you organizing a private jet for me and my jesus choir? We are about 55 people. Thank's.</p>",
    "create_date": "2020-01-26T13:36:46Z"
  }
},
{
  "model": "ftw.comment",
  "pk": 2,
  "fields": {
    "event": 9,
    "creator": 15,
    "content": "<p><span style=\"background-color: rgb(88, 88, 88);\">Wtf Tim!? Since when is Kayne cool enough for this party?</span></p>",
    "create_date": "2020-01-26T13:37:54Z"
  }
},
{
  "model": "ftw.comment",
  "pk": 3,
  "fields": {
    "event": 9,
    "creator": 21,
    "content": "<p>Yaaaa! Happy as always! I'm bringing some mates.</p>",
    "create_date": "2020-01-26T13:38:43Z"
  }
},
{
  "model": "ftw.comment",
  "pk": 4,
  "fields": {
    "event": 9,
    "creator": 12,
    "content": "<p>Jesus loves you all! Amen!</p>",
    "create_date": "2020-01-26T13:39:09Z"
  }
},
{
  "model": "ftw.comment",
  "pk": 5,
  "fields": {
    "event": 9,
    "creator": 15,
    "content": "<p>...</p>",
    "create_date": "2020-01-26T13:39:45Z"
  }
},
{
  "model": "ftw.comment",
  "pk": 6,
  "fields": {
    "event": 9,
    "creator": 17,
    "content": "<p>Guys, be nice!</p>",
    "create_date": "2020-01-26T13:40:19Z"
  }
},
{
  "model": "ftw.comment",
  "pk": 7,
  "fields": {
    "event": 1,
    "creator": 17,
    "content": "<p>PARTY!!!</p>",
    "create_date": "2020-01-26T14:47:37Z"
  }
},
{
  "model": "ftw.comment",
  "pk": 8,
  "fields": {
    "event": 1,
    "creator": 18,
    "content": "<p>I don't like fire and I don't like ice. But I like a nice party!</p>",
    "create_date": "2020-01-26T14:48:11Z"
  }
},
{
  "model": "ftw.comment",
  "pk": 9,
  "fields": {
    "event": 1,
    "creator": 19,
    "content": "<p>Heeeeeee, let's partey! </p>",
    "create_date": "2020-01-26T14:48:31Z"
  }
},
{
  "model": "ftw.comment",
  "pk": 10,
  "fields": {
    "event": 1,
    "creator": 20,
    "content": "<p>I'm sexy and I know it! ;)</p>",
    "create_date": "2020-01-26T14:48:51Z"
  }
},
{
  "model": "ftw.comment",
  "pk": 11,
  "fields": {
    "event": 2,
    "creator": 19,
    "content": "<p>Who likes party? WE LIKE PARTY!</p>",
    "create_date": "2020-01-26T14:49:13Z"
  }
},
{
  "model": "ftw.comment",
  "pk": 12,
  "fields": {
    "event": 1,
    "creator": 11,
    "content": "<p>Love you all!</p>",
    "create_date": "2020-01-26T14:51:37Z"
  }
},
{
  "model": "admin.logentry",
  "pk": 1,
  "fields": {
    "action_time": "2020-01-26T10:44:37.696Z",
    "user": 1,
    "content_type": 11,
    "object_id": "1",
    "object_repr": "admin",
    "action_flag": 1,
    "change_message": "[{\"added\": {}}]"
  }
},
{
  "model": "admin.logentry",
  "pk": 2,
  "fields": {
    "action_time": "2020-01-26T10:45:05.867Z",
    "user": 1,
    "content_type": 11,
    "object_id": "1",
    "object_repr": "admin",
    "action_flag": 2,
    "change_message": "[{\"changed\": {\"fields\": [\"friends\"]}}]"
  }
},
{
  "model": "admin.logentry",
  "pk": 3,
  "fields": {
    "action_time": "2020-01-26T10:53:46.715Z",
    "user": 1,
    "content_type": 11,
    "object_id": "20",
    "object_repr": "Michael",
    "action_flag": 2,
    "change_message": "[{\"changed\": {\"fields\": [\"friends\", \"first_name\", \"last_name\"]}}]"
  }
},
{
  "model": "admin.logentry",
  "pk": 4,
  "fields": {
    "action_time": "2020-01-26T10:54:37.238Z",
    "user": 1,
    "content_type": 11,
    "object_id": "19",
    "object_repr": "Lukas",
    "action_flag": 2,
    "change_message": "[{\"changed\": {\"fields\": [\"friends\", \"first_name\", \"last_name\"]}}]"
  }
},
{
  "model": "admin.logentry",
  "pk": 5,
  "fields": {
    "action_time": "2020-01-26T10:54:43.422Z",
    "user": 1,
    "content_type": 11,
    "object_id": "18",
    "object_repr": "Julian",
    "action_flag": 2,
    "change_message": "[{\"changed\": {\"fields\": [\"first_name\", \"last_name\"]}}]"
  }
},
{
  "model": "admin.logentry",
  "pk": 6,
  "fields": {
    "action_time": "2020-01-26T10:54:51.840Z",
    "user": 1,
    "content_type": 11,
    "object_id": "18",
    "object_repr": "Julian",
    "action_flag": 2,
    "change_message": "[{\"changed\": {\"fields\": [\"friends\"]}}]"
  }
},
{
  "model": "admin.logentry",
  "pk": 7,
  "fields": {
    "action_time": "2020-01-26T10:55:04.432Z",
    "user": 1,
    "content_type": 11,
    "object_id": "17",
    "object_repr": "Tim",
    "action_flag": 2,
    "change_message": "[{\"changed\": {\"fields\": [\"friends\", \"first_name\", \"last_name\"]}}]"
  }
},
{
  "model": "admin.logentry",
  "pk": 8,
  "fields": {
    "action_time": "2020-01-26T10:55:19.772Z",
    "user": 1,
    "content_type": 11,
    "object_id": "16",
    "object_repr": "JenniferLopez",
    "action_flag": 2,
    "change_message": "[{\"changed\": {\"fields\": [\"friends\", \"first_name\", \"last_name\"]}}]"
  }
},
{
  "model": "admin.logentry",
  "pk": 9,
  "fields": {
    "action_time": "2020-01-26T10:55:47.009Z",
    "user": 1,
    "content_type": 11,
    "object_id": "15",
    "object_repr": "Jay-Z",
    "action_flag": 2,
    "change_message": "[{\"changed\": {\"fields\": [\"friends\", \"first_name\", \"last_name\"]}}]"
  }
},
{
  "model": "admin.logentry",
  "pk": 10,
  "fields": {
    "action_time": "2020-01-26T10:56:09.782Z",
    "user": 1,
    "content_type": 11,
    "object_id": "14",
    "object_repr": "Beyonc\u00e9",
    "action_flag": 2,
    "change_message": "[{\"changed\": {\"fields\": [\"first_name\", \"last_name\"]}}]"
  }
},
{
  "model": "admin.logentry",
  "pk": 11,
  "fields": {
    "action_time": "2020-01-26T10:56:16Z",
    "user": 1,
    "content_type": 11,
    "object_id": "13",
    "object_repr": "KatyPerry",
    "action_flag": 2,
    "change_message": "[{\"changed\": {\"fields\": [\"first_name\", \"last_name\"]}}]"
  }
},
{
  "model": "admin.logentry",
  "pk": 12,
  "fields": {
    "action_time": "2020-01-26T10:56:26.328Z",
    "user": 1,
    "content_type": 11,
    "object_id": "12",
    "object_repr": "KayneWest",
    "action_flag": 2,
    "change_message": "[{\"changed\": {\"fields\": [\"first_name\", \"last_name\"]}}]"
  }
},
{
  "model": "admin.logentry",
  "pk": 13,
  "fields": {
    "action_time": "2020-01-26T10:56:38.568Z",
    "user": 1,
    "content_type": 11,
    "object_id": "11",
    "object_repr": "JenniferLawrence",
    "action_flag": 2,
    "change_message": "[{\"changed\": {\"fields\": [\"first_name\", \"last_name\"]}}]"
  }
},
{
  "model": "admin.logentry",
  "pk": 14,
  "fields": {
    "action_time": "2020-01-26T10:56:51.852Z",
    "user": 1,
    "content_type": 11,
    "object_id": "10",
    "object_repr": "Rihanna",
    "action_flag": 2,
    "change_message": "[{\"changed\": {\"fields\": [\"first_name\", \"last_name\"]}}]"
  }
},
{
  "model": "admin.logentry",
  "pk": 15,
  "fields": {
    "action_time": "2020-01-26T10:56:59.638Z",
    "user": 1,
    "content_type": 11,
    "object_id": "9",
    "object_repr": "CristianoRonaldo",
    "action_flag": 2,
    "change_message": "[{\"changed\": {\"fields\": [\"first_name\", \"last_name\"]}}]"
  }
},
{
  "model": "admin.logentry",
  "pk": 16,
  "fields": {
    "action_time": "2020-01-26T10:57:05.974Z",
    "user": 1,
    "content_type": 11,
    "object_id": "8",
    "object_repr": "KimKardashian",
    "action_flag": 2,
    "change_message": "[{\"changed\": {\"fields\": [\"first_name\", \"last_name\"]}}]"
  }
},
{
  "model": "admin.logentry",
  "pk": 17,
  "fields": {
    "action_time": "2020-01-26T10:57:14.728Z",
    "user": 1,
    "content_type": 11,
    "object_id": "7",
    "object_repr": "TaylorSwift",
    "action_flag": 2,
    "change_message": "[{\"changed\": {\"fields\": [\"first_name\", \"last_name\"]}}]"
  }
},
{
  "model": "admin.logentry",
  "pk": 18,
  "fields": {
    "action_time": "2020-01-26T10:57:25.474Z",
    "user": 1,
    "content_type": 11,
    "object_id": "6",
    "object_repr": "ClaudiaDemattio",
    "action_flag": 2,
    "change_message": "[{\"changed\": {\"fields\": [\"first_name\", \"last_name\"]}}]"
  }
},
{
  "model": "admin.logentry",
  "pk": 19,
  "fields": {
    "action_time": "2020-01-26T10:57:32.876Z",
    "user": 1,
    "content_type": 11,
    "object_id": "5",
    "object_repr": "LukasTamalio",
    "action_flag": 2,
    "change_message": "[{\"changed\": {\"fields\": [\"first_name\", \"last_name\"]}}]"
  }
},
{
  "model": "admin.logentry",
  "pk": 20,
  "fields": {
    "action_time": "2020-01-26T10:57:40.508Z",
    "user": 1,
    "content_type": 11,
    "object_id": "4",
    "object_repr": "RobertoEsposito",
    "action_flag": 2,
    "change_message": "[{\"changed\": {\"fields\": [\"first_name\", \"last_name\"]}}]"
  }
},
{
  "model": "admin.logentry",
  "pk": 21,
  "fields": {
    "action_time": "2020-01-26T10:57:46.457Z",
    "user": 1,
    "content_type": 11,
    "object_id": "3",
    "object_repr": "SarahMair",
    "action_flag": 2,
    "change_message": "[{\"changed\": {\"fields\": [\"first_name\", \"last_name\"]}}]"
  }
},
{
  "model": "admin.logentry",
  "pk": 22,
  "fields": {
    "action_time": "2020-01-26T10:57:51.901Z",
    "user": 1,
    "content_type": 11,
    "object_id": "2",
    "object_repr": "DanielHofer",
    "action_flag": 2,
    "change_message": "[{\"changed\": {\"fields\": [\"first_name\", \"last_name\"]}}]"
  }
},
{
  "model": "admin.logentry",
  "pk": 23,
  "fields": {
    "action_time": "2020-01-26T11:02:39.650Z",
    "user": 1,
    "content_type": 3,
    "object_id": "1",
    "object_repr": "user",
    "action_flag": 1,
    "change_message": "[{\"added\": {}}]"
  }
},
{
  "model": "admin.logentry",
  "pk": 24,
  "fields": {
    "action_time": "2020-01-26T11:03:23.190Z",
    "user": 1,
    "content_type": 3,
    "object_id": "1",
    "object_repr": "user",
    "action_flag": 2,
    "change_message": "[{\"changed\": {\"fields\": [\"permissions\"]}}]"
  }
},
{
  "model": "admin.logentry",
  "pk": 25,
  "fields": {
    "action_time": "2020-01-26T11:03:34.824Z",
    "user": 1,
    "content_type": 4,
    "object_id": "14",
    "object_repr": "Beyonc\u00e9",
    "action_flag": 2,
    "change_message": "[{\"changed\": {\"fields\": [\"groups\"]}}]"
  }
},
{
  "model": "admin.logentry",
  "pk": 26,
  "fields": {
    "action_time": "2020-01-26T11:03:42.006Z",
    "user": 1,
    "content_type": 4,
    "object_id": "6",
    "object_repr": "ClaudiaDemattio",
    "action_flag": 2,
    "change_message": "[{\"changed\": {\"fields\": [\"groups\"]}}]"
  }
},
{
  "model": "admin.logentry",
  "pk": 27,
  "fields": {
    "action_time": "2020-01-26T11:03:49.128Z",
    "user": 1,
    "content_type": 4,
    "object_id": "9",
    "object_repr": "CristianoRonaldo",
    "action_flag": 2,
    "change_message": "[{\"changed\": {\"fields\": [\"groups\"]}}]"
  }
},
{
  "model": "admin.logentry",
  "pk": 28,
  "fields": {
    "action_time": "2020-01-26T11:03:54.384Z",
    "user": 1,
    "content_type": 4,
    "object_id": "2",
    "object_repr": "DanielHofer",
    "action_flag": 2,
    "change_message": "[{\"changed\": {\"fields\": [\"groups\"]}}]"
  }
},
{
  "model": "admin.logentry",
  "pk": 29,
  "fields": {
    "action_time": "2020-01-26T11:04:00.588Z",
    "user": 1,
    "content_type": 4,
    "object_id": "15",
    "object_repr": "Jay-Z",
    "action_flag": 2,
    "change_message": "[{\"changed\": {\"fields\": [\"groups\"]}}]"
  }
},
{
  "model": "admin.logentry",
  "pk": 30,
  "fields": {
    "action_time": "2020-01-26T11:04:06.903Z",
    "user": 1,
    "content_type": 4,
    "object_id": "11",
    "object_repr": "JenniferLawrence",
    "action_flag": 2,
    "change_message": "[{\"changed\": {\"fields\": [\"groups\"]}}]"
  }
},
{
  "model": "admin.logentry",
  "pk": 31,
  "fields": {
    "action_time": "2020-01-26T11:04:18.907Z",
    "user": 1,
    "content_type": 4,
    "object_id": "18",
    "object_repr": "Julian",
    "action_flag": 2,
    "change_message": "[{\"changed\": {\"fields\": [\"groups\"]}}]"
  }
},
{
  "model": "admin.logentry",
  "pk": 32,
  "fields": {
    "action_time": "2020-01-26T11:04:29.807Z",
    "user": 1,
    "content_type": 4,
    "object_id": "16",
    "object_repr": "JenniferLopez",
    "action_flag": 2,
    "change_message": "[{\"changed\": {\"fields\": [\"groups\"]}}]"
  }
},
{
  "model": "admin.logentry",
  "pk": 33,
  "fields": {
    "action_time": "2020-01-26T11:04:51.393Z",
    "user": 1,
    "content_type": 4,
    "object_id": "13",
    "object_repr": "KatyPerry",
    "action_flag": 2,
    "change_message": "[{\"changed\": {\"fields\": [\"groups\"]}}]"
  }
},
{
  "model": "admin.logentry",
  "pk": 34,
  "fields": {
    "action_time": "2020-01-26T11:05:04.609Z",
    "user": 1,
    "content_type": 4,
    "object_id": "12",
    "object_repr": "KayneWest",
    "action_flag": 2,
    "change_message": "[{\"changed\": {\"fields\": [\"groups\"]}}]"
  }
},
{
  "model": "admin.logentry",
  "pk": 35,
  "fields": {
    "action_time": "2020-01-26T11:05:11.254Z",
    "user": 1,
    "content_type": 4,
    "object_id": "8",
    "object_repr": "KimKardashian",
    "action_flag": 2,
    "change_message": "[{\"changed\": {\"fields\": [\"groups\"]}}]"
  }
},
{
  "model": "admin.logentry",
  "pk": 36,
  "fields": {
    "action_time": "2020-01-26T11:05:19.307Z",
    "user": 1,
    "content_type": 4,
    "object_id": "19",
    "object_repr": "Lukas",
    "action_flag": 2,
    "change_message": "[{\"changed\": {\"fields\": [\"groups\"]}}]"
  }
},
{
  "model": "admin.logentry",
  "pk": 37,
  "fields": {
    "action_time": "2020-01-26T11:05:26.672Z",
    "user": 1,
    "content_type": 4,
    "object_id": "5",
    "object_repr": "LukasTamalio",
    "action_flag": 2,
    "change_message": "[{\"changed\": {\"fields\": [\"groups\"]}}]"
  }
},
{
  "model": "admin.logentry",
  "pk": 38,
  "fields": {
    "action_time": "2020-01-26T11:05:31.521Z",
    "user": 1,
    "content_type": 4,
    "object_id": "20",
    "object_repr": "Michael",
    "action_flag": 2,
    "change_message": "[{\"changed\": {\"fields\": [\"groups\"]}}]"
  }
},
{
  "model": "admin.logentry",
  "pk": 39,
  "fields": {
    "action_time": "2020-01-26T11:05:43.912Z",
    "user": 1,
    "content_type": 4,
    "object_id": "10",
    "object_repr": "Rihanna",
    "action_flag": 2,
    "change_message": "[{\"changed\": {\"fields\": [\"groups\"]}}]"
  }
},
{
  "model": "admin.logentry",
  "pk": 40,
  "fields": {
    "action_time": "2020-01-26T11:05:48.881Z",
    "user": 1,
    "content_type": 4,
    "object_id": "10",
    "object_repr": "Rihanna",
    "action_flag": 2,
    "change_message": "[]"
  }
},
{
  "model": "admin.logentry",
  "pk": 41,
  "fields": {
    "action_time": "2020-01-26T11:05:55.417Z",
    "user": 1,
    "content_type": 4,
    "object_id": "4",
    "object_repr": "RobertoEsposito",
    "action_flag": 2,
    "change_message": "[{\"changed\": {\"fields\": [\"groups\"]}}]"
  }
},
{
  "model": "admin.logentry",
  "pk": 42,
  "fields": {
    "action_time": "2020-01-26T11:06:02.691Z",
    "user": 1,
    "content_type": 4,
    "object_id": "3",
    "object_repr": "SarahMair",
    "action_flag": 2,
    "change_message": "[{\"changed\": {\"fields\": [\"groups\"]}}]"
  }
},
{
  "model": "admin.logentry",
  "pk": 43,
  "fields": {
    "action_time": "2020-01-26T11:06:09.558Z",
    "user": 1,
    "content_type": 4,
    "object_id": "7",
    "object_repr": "TaylorSwift",
    "action_flag": 2,
    "change_message": "[{\"changed\": {\"fields\": [\"groups\"]}}]"
  }
},
{
  "model": "admin.logentry",
  "pk": 44,
  "fields": {
    "action_time": "2020-01-26T11:06:15.526Z",
    "user": 1,
    "content_type": 4,
    "object_id": "17",
    "object_repr": "Tim",
    "action_flag": 2,
    "change_message": "[{\"changed\": {\"fields\": [\"groups\"]}}]"
  }
},
{
  "model": "admin.logentry",
  "pk": 45,
  "fields": {
    "action_time": "2020-01-26T11:06:20.225Z",
    "user": 1,
    "content_type": 4,
    "object_id": "1",
    "object_repr": "admin",
    "action_flag": 2,
    "change_message": "[{\"changed\": {\"fields\": [\"groups\"]}}]"
  }
},
{
  "model": "admin.logentry",
  "pk": 46,
  "fields": {
    "action_time": "2020-01-26T11:07:52.984Z",
    "user": 1,
    "content_type": 3,
    "object_id": "1",
    "object_repr": "user",
    "action_flag": 2,
    "change_message": "[{\"changed\": {\"fields\": [\"permissions\"]}}]"
  }
},
{
  "model": "admin.logentry",
  "pk": 47,
  "fields": {
    "action_time": "2020-01-26T11:09:07.642Z",
    "user": 1,
    "content_type": 3,
    "object_id": "1",
    "object_repr": "user",
    "action_flag": 2,
    "change_message": "[]"
  }
},
{
  "model": "admin.logentry",
  "pk": 48,
  "fields": {
    "action_time": "2020-01-26T12:34:00.745Z",
    "user": 1,
    "content_type": 4,
    "object_id": "21",
    "object_repr": "BradPitt",
    "action_flag": 2,
    "change_message": "[{\"changed\": {\"fields\": [\"first_name\", \"last_name\"]}}]"
  }
},
{
  "model": "admin.logentry",
  "pk": 49,
  "fields": {
    "action_time": "2020-01-26T12:42:58.693Z",
    "user": 1,
    "content_type": 3,
    "object_id": "1",
    "object_repr": "user",
    "action_flag": 2,
    "change_message": "[{\"changed\": {\"fields\": [\"permissions\"]}}]"
  }
},
{
  "model": "admin.logentry",
  "pk": 50,
  "fields": {
    "action_time": "2020-01-26T12:49:43.672Z",
    "user": 1,
    "content_type": 12,
    "object_id": "9",
    "object_repr": "Tim's geheime Party Vol. 101",
    "action_flag": 2,
    "change_message": "[{\"changed\": {\"fields\": [\"Creator\"]}}]"
  }
},
{
  "model": "admin.logentry",
  "pk": 51,
  "fields": {
    "action_time": "2020-01-26T13:50:34.714Z",
    "user": 1,
    "content_type": 4,
    "object_id": "12",
    "object_repr": "KanyeWest",
    "action_flag": 2,
    "change_message": "[{\"changed\": {\"fields\": [\"Username\"]}}]"
  }
},
{
  "model": "admin.logentry",
  "pk": 52,
  "fields": {
    "action_time": "2020-01-26T13:59:26.059Z",
    "user": 1,
    "content_type": 8,
    "object_id": "1",
    "object_repr": "Flacken",
    "action_flag": 1,
    "change_message": "[{\"added\": {}}]"
  }
},
{
  "model": "admin.logentry",
  "pk": 53,
  "fields": {
    "action_time": "2020-01-26T13:59:30.285Z",
    "user": 1,
    "content_type": 8,
    "object_id": "2",
    "object_repr": "Fisten",
    "action_flag": 1,
    "change_message": "[{\"added\": {}}]"
  }
},
{
  "model": "admin.logentry",
  "pk": 54,
  "fields": {
    "action_time": "2020-01-26T13:59:51.723Z",
    "user": 1,
    "content_type": 8,
    "object_id": "3",
    "object_repr": "Foltern",
    "action_flag": 1,
    "change_message": "[{\"added\": {}}]"
  }
},
{
  "model": "admin.logentry",
  "pk": 55,
  "fields": {
    "action_time": "2020-01-26T14:00:00.305Z",
    "user": 1,
    "content_type": 8,
    "object_id": "4",
    "object_repr": "Fr\u00fchshoppen",
    "action_flag": 1,
    "change_message": "[{\"added\": {}}]"
  }
},
{
  "model": "admin.logentry",
  "pk": 56,
  "fields": {
    "action_time": "2020-01-26T14:00:06.136Z",
    "user": 1,
    "content_type": 8,
    "object_id": "5",
    "object_repr": "Forschen",
    "action_flag": 1,
    "change_message": "[{\"added\": {}}]"
  }
},
{
  "model": "admin.logentry",
  "pk": 57,
  "fields": {
    "action_time": "2020-01-26T14:00:13.068Z",
    "user": 1,
    "content_type": 8,
    "object_id": "6",
    "object_repr": "Fr\u00fchshoppen",
    "action_flag": 1,
    "change_message": "[{\"added\": {}}]"
  }
},
{
  "model": "admin.logentry",
  "pk": 58,
  "fields": {
    "action_time": "2020-01-26T14:00:20.936Z",
    "user": 1,
    "content_type": 8,
    "object_id": "7",
    "object_repr": "Fr\u00fchstucken",
    "action_flag": 1,
    "change_message": "[{\"added\": {}}]"
  }
},
{
  "model": "admin.logentry",
  "pk": 59,
  "fields": {
    "action_time": "2020-01-26T14:00:26.251Z",
    "user": 1,
    "content_type": 8,
    "object_id": "8",
    "object_repr": "Fechten",
    "action_flag": 1,
    "change_message": "[{\"added\": {}}]"
  }
},
{
  "model": "admin.logentry",
  "pk": 60,
  "fields": {
    "action_time": "2020-01-26T14:00:47.650Z",
    "user": 1,
    "content_type": 8,
    "object_id": "9",
    "object_repr": "Fluchen",
    "action_flag": 1,
    "change_message": "[{\"added\": {}}]"
  }
},
{
  "model": "admin.logentry",
  "pk": 61,
  "fields": {
    "action_time": "2020-01-26T14:00:53.722Z",
    "user": 1,
    "content_type": 8,
    "object_id": "10",
    "object_repr": "Fl\u00fcchten",
    "action_flag": 1,
    "change_message": "[{\"added\": {}}]"
  }
},
{
  "model": "admin.logentry",
  "pk": 62,
  "fields": {
    "action_time": "2020-01-26T14:00:59.764Z",
    "user": 1,
    "content_type": 8,
    "object_id": "11",
    "object_repr": "Fighten",
    "action_flag": 1,
    "change_message": "[{\"added\": {}}]"
  }
},
{
  "model": "admin.logentry",
  "pk": 63,
  "fields": {
    "action_time": "2020-01-26T14:01:03.713Z",
    "user": 1,
    "content_type": 8,
    "object_id": "12",
    "object_repr": "Fressen",
    "action_flag": 1,
    "change_message": "[{\"added\": {}}]"
  }
},
{
  "model": "admin.logentry",
  "pk": 64,
  "fields": {
    "action_time": "2020-01-26T14:01:29.061Z",
    "user": 1,
    "content_type": 8,
    "object_id": "13",
    "object_repr": "Fachidiot",
    "action_flag": 1,
    "change_message": "[{\"added\": {}}]"
  }
},
{
  "model": "admin.logentry",
  "pk": 65,
  "fields": {
    "action_time": "2020-01-26T14:01:38.598Z",
    "user": 1,
    "content_type": 8,
    "object_id": "14",
    "object_repr": "Faulpelz",
    "action_flag": 1,
    "change_message": "[{\"added\": {}}]"
  }
},
{
  "model": "admin.logentry",
  "pk": 66,
  "fields": {
    "action_time": "2020-01-26T14:01:49.940Z",
    "user": 1,
    "content_type": 8,
    "object_id": "15",
    "object_repr": "Fernsehen",
    "action_flag": 1,
    "change_message": "[{\"added\": {}}]"
  }
},
{
  "model": "admin.logentry",
  "pk": 67,
  "fields": {
    "action_time": "2020-01-26T14:01:57.358Z",
    "user": 1,
    "content_type": 8,
    "object_id": "16",
    "object_repr": "Fernweh",
    "action_flag": 1,
    "change_message": "[{\"added\": {}}]"
  }
},
{
  "model": "admin.logentry",
  "pk": 68,
  "fields": {
    "action_time": "2020-01-26T14:02:01.735Z",
    "user": 1,
    "content_type": 8,
    "object_id": "17",
    "object_repr": "Filmriss",
    "action_flag": 1,
    "change_message": "[{\"added\": {}}]"
  }
},
{
  "model": "admin.logentry",
  "pk": 69,
  "fields": {
    "action_time": "2020-01-26T14:02:12.153Z",
    "user": 1,
    "content_type": 8,
    "object_id": "18",
    "object_repr": "Frechdachs",
    "action_flag": 1,
    "change_message": "[{\"added\": {}}]"
  }
},
{
  "model": "admin.logentry",
  "pk": 70,
  "fields": {
    "action_time": "2020-01-26T14:02:16.751Z",
    "user": 1,
    "content_type": 8,
    "object_id": "19",
    "object_repr": "Freidenker",
    "action_flag": 1,
    "change_message": "[{\"added\": {}}]"
  }
},
{
  "model": "admin.logentry",
  "pk": 71,
  "fields": {
    "action_time": "2020-01-26T14:02:34.120Z",
    "user": 1,
    "content_type": 8,
    "object_id": "2",
    "object_repr": "Fremdsch\u00e4men",
    "action_flag": 2,
    "change_message": "[{\"changed\": {\"fields\": [\"Word\", \"Safe for work\"]}}]"
  }
},
{
  "model": "admin.logentry",
  "pk": 72,
  "fields": {
    "action_time": "2020-01-26T14:03:04.779Z",
    "user": 1,
    "content_type": 8,
    "object_id": "2",
    "object_repr": "Tadeln",
    "action_flag": 2,
    "change_message": "[{\"changed\": {\"fields\": [\"Word\", \"Word category\"]}}]"
  }
},
{
  "model": "admin.logentry",
  "pk": 73,
  "fields": {
    "action_time": "2020-01-26T14:03:13.099Z",
    "user": 1,
    "content_type": 8,
    "object_id": "20",
    "object_repr": "Tapezieren",
    "action_flag": 1,
    "change_message": "[{\"added\": {}}]"
  }
},
{
  "model": "admin.logentry",
  "pk": 74,
  "fields": {
    "action_time": "2020-01-26T14:03:18.568Z",
    "user": 1,
    "content_type": 8,
    "object_id": "21",
    "object_repr": "Tauchen",
    "action_flag": 1,
    "change_message": "[{\"added\": {}}]"
  }
},
{
  "model": "admin.logentry",
  "pk": 75,
  "fields": {
    "action_time": "2020-01-26T14:03:30.701Z",
    "user": 1,
    "content_type": 8,
    "object_id": "22",
    "object_repr": "Tauschen",
    "action_flag": 1,
    "change_message": "[{\"added\": {}}]"
  }
},
{
  "model": "admin.logentry",
  "pk": 76,
  "fields": {
    "action_time": "2020-01-26T14:03:38.618Z",
    "user": 1,
    "content_type": 8,
    "object_id": "23",
    "object_repr": "Tarnen",
    "action_flag": 1,
    "change_message": "[{\"added\": {}}]"
  }
},
{
  "model": "admin.logentry",
  "pk": 77,
  "fields": {
    "action_time": "2020-01-26T14:03:48.984Z",
    "user": 1,
    "content_type": 8,
    "object_id": "24",
    "object_repr": "Teilen",
    "action_flag": 1,
    "change_message": "[{\"added\": {}}]"
  }
},
{
  "model": "admin.logentry",
  "pk": 78,
  "fields": {
    "action_time": "2020-01-26T14:03:53.469Z",
    "user": 1,
    "content_type": 8,
    "object_id": "25",
    "object_repr": "Teilnehmen",
    "action_flag": 1,
    "change_message": "[{\"added\": {}}]"
  }
},
{
  "model": "admin.logentry",
  "pk": 79,
  "fields": {
    "action_time": "2020-01-26T14:04:02.685Z",
    "user": 1,
    "content_type": 8,
    "object_id": "26",
    "object_repr": "Tanzen",
    "action_flag": 1,
    "change_message": "[{\"added\": {}}]"
  }
},
{
  "model": "admin.logentry",
  "pk": 80,
  "fields": {
    "action_time": "2020-01-26T14:04:07.010Z",
    "user": 1,
    "content_type": 8,
    "object_id": "27",
    "object_repr": "Tanken",
    "action_flag": 1,
    "change_message": "[{\"added\": {}}]"
  }
},
{
  "model": "admin.logentry",
  "pk": 81,
  "fields": {
    "action_time": "2020-01-26T14:04:16.598Z",
    "user": 1,
    "content_type": 8,
    "object_id": "28",
    "object_repr": "T\u00e4towieren",
    "action_flag": 1,
    "change_message": "[{\"added\": {}}]"
  }
},
{
  "model": "admin.logentry",
  "pk": 82,
  "fields": {
    "action_time": "2020-01-26T14:04:28.562Z",
    "user": 1,
    "content_type": 8,
    "object_id": "29",
    "object_repr": "Tabellarisieren",
    "action_flag": 1,
    "change_message": "[{\"added\": {}}]"
  }
},
{
  "model": "admin.logentry",
  "pk": 83,
  "fields": {
    "action_time": "2020-01-26T14:04:49.798Z",
    "user": 1,
    "content_type": 8,
    "object_id": "30",
    "object_repr": "Wabbeln",
    "action_flag": 1,
    "change_message": "[{\"added\": {}}]"
  }
},
{
  "model": "admin.logentry",
  "pk": 84,
  "fields": {
    "action_time": "2020-01-26T14:05:02.477Z",
    "user": 1,
    "content_type": 8,
    "object_id": "31",
    "object_repr": "Wachr\u00fctteln",
    "action_flag": 1,
    "change_message": "[{\"added\": {}}]"
  }
},
{
  "model": "admin.logentry",
  "pk": 85,
  "fields": {
    "action_time": "2020-01-26T14:05:06.532Z",
    "user": 1,
    "content_type": 8,
    "object_id": "32",
    "object_repr": "W\u00e4rmen",
    "action_flag": 1,
    "change_message": "[{\"added\": {}}]"
  }
},
{
  "model": "admin.logentry",
  "pk": 86,
  "fields": {
    "action_time": "2020-01-26T14:05:14.342Z",
    "user": 1,
    "content_type": 8,
    "object_id": "33",
    "object_repr": "Walken",
    "action_flag": 1,
    "change_message": "[{\"added\": {}}]"
  }
},
{
  "model": "admin.logentry",
  "pk": 87,
  "fields": {
    "action_time": "2020-01-26T14:05:20.190Z",
    "user": 1,
    "content_type": 8,
    "object_id": "34",
    "object_repr": "Wandern",
    "action_flag": 1,
    "change_message": "[{\"added\": {}}]"
  }
},
{
  "model": "admin.logentry",
  "pk": 88,
  "fields": {
    "action_time": "2020-01-26T14:05:24.597Z",
    "user": 1,
    "content_type": 8,
    "object_id": "35",
    "object_repr": "Wedeln",
    "action_flag": 1,
    "change_message": "[{\"added\": {}}]"
  }
},
{
  "model": "admin.logentry",
  "pk": 89,
  "fields": {
    "action_time": "2020-01-26T14:05:31.322Z",
    "user": 1,
    "content_type": 8,
    "object_id": "36",
    "object_repr": "Wichsen",
    "action_flag": 1,
    "change_message": "[{\"added\": {}}]"
  }
},
{
  "model": "admin.logentry",
  "pk": 90,
  "fields": {
    "action_time": "2020-01-26T14:05:37.207Z",
    "user": 1,
    "content_type": 8,
    "object_id": "37",
    "object_repr": "Wahrsagen",
    "action_flag": 1,
    "change_message": "[{\"added\": {}}]"
  }
},
{
  "model": "admin.logentry",
  "pk": 91,
  "fields": {
    "action_time": "2020-01-26T14:05:47.017Z",
    "user": 1,
    "content_type": 8,
    "object_id": "38",
    "object_repr": "Wegblasen",
    "action_flag": 1,
    "change_message": "[{\"added\": {}}]"
  }
},
{
  "model": "admin.logentry",
  "pk": 92,
  "fields": {
    "action_time": "2020-01-26T14:06:07.918Z",
    "user": 1,
    "content_type": 8,
    "object_id": "39",
    "object_repr": "Wanken",
    "action_flag": 1,
    "change_message": "[{\"added\": {}}]"
  }
},
{
  "model": "admin.logentry",
  "pk": 93,
  "fields": {
    "action_time": "2020-01-26T14:06:23.326Z",
    "user": 1,
    "content_type": 8,
    "object_id": "30",
    "object_repr": "Wabbeln",
    "action_flag": 3,
    "change_message": ""
  }
},
{
  "model": "admin.logentry",
  "pk": 94,
  "fields": {
    "action_time": "2020-01-26T14:06:40.038Z",
    "user": 1,
    "content_type": 8,
    "object_id": "19",
    "object_repr": "Freidenken",
    "action_flag": 2,
    "change_message": "[{\"changed\": {\"fields\": [\"Word\"]}}]"
  }
},
{
  "model": "admin.logentry",
  "pk": 95,
  "fields": {
    "action_time": "2020-01-26T14:07:32.100Z",
    "user": 1,
    "content_type": 8,
    "object_id": "32",
    "object_repr": "W\u00e4rmen",
    "action_flag": 3,
    "change_message": ""
  }
},
{
  "model": "admin.logentry",
  "pk": 96,
  "fields": {
    "action_time": "2020-01-26T14:07:32.107Z",
    "user": 1,
    "content_type": 8,
    "object_id": "29",
    "object_repr": "Tabellarisieren",
    "action_flag": 3,
    "change_message": ""
  }
},
{
  "model": "admin.logentry",
  "pk": 97,
  "fields": {
    "action_time": "2020-01-26T14:07:32.109Z",
    "user": 1,
    "content_type": 8,
    "object_id": "20",
    "object_repr": "Tapezieren",
    "action_flag": 3,
    "change_message": ""
  }
},
{
  "model": "admin.logentry",
  "pk": 98,
  "fields": {
    "action_time": "2020-01-26T14:07:32.111Z",
    "user": 1,
    "content_type": 8,
    "object_id": "18",
    "object_repr": "Frechdachs",
    "action_flag": 3,
    "change_message": ""
  }
},
{
  "model": "admin.logentry",
  "pk": 99,
  "fields": {
    "action_time": "2020-01-26T14:07:32.112Z",
    "user": 1,
    "content_type": 8,
    "object_id": "16",
    "object_repr": "Fernweh",
    "action_flag": 3,
    "change_message": ""
  }
},
{
  "model": "admin.logentry",
  "pk": 100,
  "fields": {
    "action_time": "2020-01-26T14:07:32.114Z",
    "user": 1,
    "content_type": 8,
    "object_id": "15",
    "object_repr": "Fernsehen",
    "action_flag": 3,
    "change_message": ""
  }
},
{
  "model": "admin.logentry",
  "pk": 101,
  "fields": {
    "action_time": "2020-01-26T14:07:32.115Z",
    "user": 1,
    "content_type": 8,
    "object_id": "11",
    "object_repr": "Fighten",
    "action_flag": 3,
    "change_message": ""
  }
},
{
  "model": "admin.logentry",
  "pk": 102,
  "fields": {
    "action_time": "2020-01-26T14:07:32.117Z",
    "user": 1,
    "content_type": 8,
    "object_id": "10",
    "object_repr": "Fl\u00fcchten",
    "action_flag": 3,
    "change_message": ""
  }
},
{
  "model": "admin.logentry",
  "pk": 103,
  "fields": {
    "action_time": "2020-01-26T14:07:32.119Z",
    "user": 1,
    "content_type": 8,
    "object_id": "7",
    "object_repr": "Fr\u00fchstucken",
    "action_flag": 3,
    "change_message": ""
  }
},
{
  "model": "admin.logentry",
  "pk": 104,
  "fields": {
    "action_time": "2020-01-26T14:07:32.121Z",
    "user": 1,
    "content_type": 8,
    "object_id": "6",
    "object_repr": "Fr\u00fchshoppen",
    "action_flag": 3,
    "change_message": ""
  }
},
{
  "model": "admin.logentry",
  "pk": 105,
  "fields": {
    "action_time": "2020-01-26T14:07:32.122Z",
    "user": 1,
    "content_type": 8,
    "object_id": "3",
    "object_repr": "Foltern",
    "action_flag": 3,
    "change_message": ""
  }
},
{
  "model": "admin.logentry",
  "pk": 106,
  "fields": {
    "action_time": "2020-01-26T14:07:32.123Z",
    "user": 1,
    "content_type": 8,
    "object_id": "2",
    "object_repr": "Tadeln",
    "action_flag": 3,
    "change_message": ""
  }
},
{
  "model": "admin.logentry",
  "pk": 107,
  "fields": {
    "action_time": "2020-01-26T14:07:32.124Z",
    "user": 1,
    "content_type": 8,
    "object_id": "1",
    "object_repr": "Flacken",
    "action_flag": 3,
    "change_message": ""
  }
},
{
  "model": "admin.logentry",
  "pk": 108,
  "fields": {
    "action_time": "2020-01-26T14:07:54.503Z",
    "user": 1,
    "content_type": 8,
    "object_id": "40",
    "object_repr": "Torkeln",
    "action_flag": 1,
    "change_message": "[{\"added\": {}}]"
  }
},
{
  "model": "admin.logentry",
  "pk": 109,
  "fields": {
    "action_time": "2020-01-26T14:07:59.407Z",
    "user": 1,
    "content_type": 8,
    "object_id": "40",
    "object_repr": "Torkeln",
    "action_flag": 2,
    "change_message": "[{\"changed\": {\"fields\": [\"Safe for work\"]}}]"
  }
},
{
  "model": "admin.logentry",
  "pk": 110,
  "fields": {
    "action_time": "2020-01-26T14:08:45.003Z",
    "user": 1,
    "content_type": 8,
    "object_id": "14",
    "object_repr": "Faulpelz",
    "action_flag": 3,
    "change_message": ""
  }
},
{
  "model": "admin.logentry",
  "pk": 111,
  "fields": {
    "action_time": "2020-01-26T16:27:57.741Z",
    "user": 1,
    "content_type": 8,
    "object_id": "39",
    "object_repr": "Wanken",
    "action_flag": 2,
    "change_message": "[{\"changed\": {\"fields\": [\"Safe for work\"]}}]"
  }
},
{
  "model": "admin.logentry",
  "pk": 112,
  "fields": {
    "action_time": "2020-01-26T16:28:17.897Z",
    "user": 1,
    "content_type": 8,
    "object_id": "38",
    "object_repr": "Wegblasen",
    "action_flag": 2,
    "change_message": "[{\"changed\": {\"fields\": [\"Safe for work\"]}}]"
  }
},
{
  "model": "admin.logentry",
  "pk": 113,
  "fields": {
    "action_time": "2020-01-26T16:28:25.798Z",
    "user": 1,
    "content_type": 8,
    "object_id": "36",
    "object_repr": "Wichsen",
    "action_flag": 2,
    "change_message": "[{\"changed\": {\"fields\": [\"Safe for work\"]}}]"
  }
},
{
  "model": "admin.logentry",
  "pk": 114,
  "fields": {
    "action_time": "2020-01-26T16:29:59.288Z",
    "user": 1,
    "content_type": 8,
    "object_id": "35",
    "object_repr": "Wedeln",
    "action_flag": 2,
    "change_message": "[{\"changed\": {\"fields\": [\"Safe for work\"]}}]"
  }
},
{
  "model": "admin.logentry",
  "pk": 115,
  "fields": {
    "action_time": "2020-01-26T17:23:56.185Z",
    "user": 1,
    "content_type": 8,
    "object_id": "41",
    "object_repr": "Ficken",
    "action_flag": 1,
    "change_message": "[{\"added\": {}}]"
  }
},
{
  "model": "admin.logentry",
  "pk": 116,
  "fields": {
    "action_time": "2020-01-26T17:24:03.202Z",
    "user": 1,
    "content_type": 8,
    "object_id": "42",
    "object_repr": "Trinken",
    "action_flag": 1,
    "change_message": "[{\"added\": {}}]"
  }
}
]
